Fri Mar 21 12:28:01 UTC 2025 : Début de l'exécution du scraper
Fri Mar 21 12:28:01 UTC 2025 : Prix récupéré = 84275
Fri Mar 21 12:28:01 UTC 2025 : Fin de l'exécution du scraper
Fri Mar 21 12:28:59 UTC 2025 : Début de l'exécution du scraper
Fri Mar 21 12:28:59 UTC 2025 : Prix récupéré = 84275
Fri Mar 21 12:28:59 UTC 2025 : Fin de l'exécution du scraper
Fri Mar 21 12:30:01 UTC 2025 : Début de l'exécution du scraper
Fri Mar 21 12:30:01 UTC 2025 : Prix récupéré = 84281
Fri Mar 21 12:30:01 UTC 2025 : Fin de l'exécution du scraper
Fri Mar 21 12:32:01 UTC 2025 : Début de l'exécution du scraper
Fri Mar 21 12:32:01 UTC 2025 : Prix récupéré = 84253
Fri Mar 21 12:32:01 UTC 2025 : Fin de l'exécution du scraper
Fri Mar 21 13:34:01 CET 2025 : Début de l'exécution du scraper
Fri Mar 21 13:34:01 CET 2025 : Prix récupéré = 84215
Fri Mar 21 13:34:01 CET 2025 : Fin de l'exécution du scraper
Fri Mar 21 13:35:02 CET 2025 : Début de l'exécution du scraper
Fri Mar 21 13:35:02 CET 2025 : Prix récupéré = 84149
Fri Mar 21 13:35:02 CET 2025 : Fin de l'exécution du scraper
Fri Mar 21 13:36:01 CET 2025 : Début de l'exécution du scraper
Fri Mar 21 13:36:01 CET 2025 : Prix récupéré = 84147
Fri Mar 21 13:36:01 CET 2025 : Fin de l'exécution du scraper
Fri Mar 21 13:37:01 CET 2025 : Début de l'exécution du scraper
Fri Mar 21 13:37:01 CET 2025 : Prix récupéré = 84140
Fri Mar 21 13:37:01 CET 2025 : Fin de l'exécution du scraper
Fri Mar 21 13:38:01 CET 2025 : Début de l'exécution du scraper
Fri Mar 21 13:38:01 CET 2025 : Prix récupéré = 84115
Fri Mar 21 13:38:01 CET 2025 : Fin de l'exécution du scraper
Fri Mar 21 13:39:01 CET 2025 : Début de l'exécution du scraper
Fri Mar 21 13:39:01 CET 2025 : Prix récupéré = 84098
Fri Mar 21 13:39:01 CET 2025 : Fin de l'exécution du scraper
Fri Mar 21 13:40:01 CET 2025 : Début de l'exécution du scraper
Fri Mar 21 13:40:02 CET 2025 : Prix récupéré = 83952
Fri Mar 21 13:40:02 CET 2025 : Fin de l'exécution du scraper
Fri Mar 21 13:41:01 CET 2025 : Début de l'exécution du scraper
Fri Mar 21 13:41:01 CET 2025 : Prix récupéré = 83899
Fri Mar 21 13:41:01 CET 2025 : Fin de l'exécution du scraper
Fri Mar 21 13:42:01 CET 2025 : Début de l'exécution du scraper
Fri Mar 21 13:42:01 CET 2025 : Prix récupéré = 83870
Fri Mar 21 13:42:01 CET 2025 : Fin de l'exécution du scraper
Fri Mar 21 13:43:01 CET 2025 : Début de l'exécution du scraper
Fri Mar 21 13:43:01 CET 2025 : Prix récupéré = 83809
Fri Mar 21 13:43:01 CET 2025 : Fin de l'exécution du scraper
Fri Mar 21 13:44:01 CET 2025 : Début de l'exécution du scraper
Fri Mar 21 13:44:01 CET 2025 : Prix récupéré = 83760
Fri Mar 21 13:44:01 CET 2025 : Fin de l'exécution du scraper
Fri Mar 21 13:45:01 CET 2025 : Début de l'exécution du scraper
Fri Mar 21 13:45:01 CET 2025 : Prix récupéré = 83632
Fri Mar 21 13:45:01 CET 2025 : Fin de l'exécution du scraper
Fri Mar 21 13:46:01 CET 2025 : Début de l'exécution du scraper
Fri Mar 21 13:46:02 CET 2025 : Prix récupéré = 83667
Fri Mar 21 13:46:02 CET 2025 : Fin de l'exécution du scraper
Fri Mar 21 13:47:01 CET 2025 : Début de l'exécution du scraper
Fri Mar 21 13:47:01 CET 2025 : Prix récupéré = 83684
Fri Mar 21 13:47:01 CET 2025 : Fin de l'exécution du scraper
Fri Mar 21 13:48:01 CET 2025 : Début de l'exécution du scraper
Fri Mar 21 13:48:01 CET 2025 : Prix récupéré = 83706
Fri Mar 21 13:48:01 CET 2025 : Fin de l'exécution du scraper
Fri Mar 21 13:49:01 CET 2025 : Début de l'exécution du scraper
Fri Mar 21 13:49:01 CET 2025 : Prix récupéré = 83727
Fri Mar 21 13:49:01 CET 2025 : Fin de l'exécution du scraper
Fri Mar 21 13:50:01 CET 2025 : Début de l'exécution du scraper
Fri Mar 21 13:50:01 CET 2025 : Prix récupéré = 83772
Fri Mar 21 13:50:01 CET 2025 : Fin de l'exécution du scraper
Fri Mar 21 13:51:01 CET 2025 : Début de l'exécution du scraper
Fri Mar 21 13:51:01 CET 2025 : Prix récupéré = 83795
Fri Mar 21 13:51:01 CET 2025 : Fin de l'exécution du scraper
Fri Mar 21 13:52:01 CET 2025 : Début de l'exécution du scraper
Fri Mar 21 13:52:02 CET 2025 : Prix récupéré = 83836
Fri Mar 21 13:52:02 CET 2025 : Fin de l'exécution du scraper
Fri Mar 21 13:53:01 CET 2025 : Début de l'exécution du scraper
Fri Mar 21 13:53:01 CET 2025 : Prix récupéré = 83817
Fri Mar 21 13:53:01 CET 2025 : Fin de l'exécution du scraper
Fri Mar 21 13:54:01 CET 2025 : Début de l'exécution du scraper
Fri Mar 21 13:54:01 CET 2025 : Prix récupéré = 83814
Fri Mar 21 13:54:01 CET 2025 : Fin de l'exécution du scraper
Fri Mar 21 13:55:01 CET 2025 : Début de l'exécution du scraper
Fri Mar 21 13:55:01 CET 2025 : Prix récupéré = 83773
Fri Mar 21 13:55:01 CET 2025 : Fin de l'exécution du scraper
Fri Mar 21 13:56:01 CET 2025 : Début de l'exécution du scraper
Fri Mar 21 13:56:01 CET 2025 : Prix récupéré = 83752
Fri Mar 21 13:56:01 CET 2025 : Fin de l'exécution du scraper
Fri Mar 21 13:57:01 CET 2025 : Début de l'exécution du scraper
Fri Mar 21 13:57:02 CET 2025 : Prix récupéré = 83665
Fri Mar 21 13:57:02 CET 2025 : Fin de l'exécution du scraper
Fri Mar 21 13:58:01 CET 2025 : Début de l'exécution du scraper
Fri Mar 21 13:58:01 CET 2025 : Prix récupéré = 83669
Fri Mar 21 13:58:01 CET 2025 : Fin de l'exécution du scraper
Fri Mar 21 13:59:01 CET 2025 : Début de l'exécution du scraper
Fri Mar 21 13:59:01 CET 2025 : Prix récupéré = 83546
Fri Mar 21 13:59:01 CET 2025 : Fin de l'exécution du scraper
Fri Mar 21 14:00:01 CET 2025 : Début de l'exécution du scraper
Fri Mar 21 14:00:01 CET 2025 : Prix récupéré = 83511
Fri Mar 21 14:00:01 CET 2025 : Fin de l'exécution du scraper
Fri Mar 21 14:01:01 CET 2025 : Début de l'exécution du scraper
Fri Mar 21 14:01:01 CET 2025 : Prix récupéré = 83463
Fri Mar 21 14:01:01 CET 2025 : Fin de l'exécution du scraper
Fri Mar 21 14:02:01 CET 2025 : Début de l'exécution du scraper
Fri Mar 21 14:02:02 CET 2025 : Prix récupéré = 83327
Fri Mar 21 14:02:02 CET 2025 : Fin de l'exécution du scraper
Fri Mar 21 14:03:01 CET 2025 : Début de l'exécution du scraper
Fri Mar 21 14:03:01 CET 2025 : Prix récupéré = 83370
Fri Mar 21 14:03:01 CET 2025 : Fin de l'exécution du scraper
Fri Mar 21 14:04:01 CET 2025 : Début de l'exécution du scraper
Fri Mar 21 14:04:01 CET 2025 : Prix récupéré = 83370
Fri Mar 21 14:04:01 CET 2025 : Fin de l'exécution du scraper
Fri Mar 21 14:05:01 CET 2025 : Début de l'exécution du scraper
Fri Mar 21 14:05:01 CET 2025 : Prix récupéré = 83424
Fri Mar 21 14:05:01 CET 2025 : Fin de l'exécution du scraper
Fri Mar 21 14:06:01 CET 2025 : Début de l'exécution du scraper
Fri Mar 21 14:06:01 CET 2025 : Prix récupéré = 83424
Fri Mar 21 14:06:01 CET 2025 : Fin de l'exécution du scraper
Fri Mar 21 14:07:01 CET 2025 : Début de l'exécution du scraper
Fri Mar 21 14:07:01 CET 2025 : Prix récupéré = 83341
Fri Mar 21 14:07:01 CET 2025 : Fin de l'exécution du scraper
Fri Mar 21 14:08:01 CET 2025 : Début de l'exécution du scraper
Fri Mar 21 14:08:02 CET 2025 : Prix récupéré = 83376
Fri Mar 21 14:08:02 CET 2025 : Fin de l'exécution du scraper
Fri Mar 21 14:09:01 CET 2025 : Début de l'exécution du scraper
Fri Mar 21 14:09:01 CET 2025 : Prix récupéré = 83479
Fri Mar 21 14:09:01 CET 2025 : Fin de l'exécution du scraper
Fri Mar 21 14:10:01 CET 2025 : Début de l'exécution du scraper
Fri Mar 21 14:10:01 CET 2025 : Prix récupéré = 83506
Fri Mar 21 14:10:01 CET 2025 : Fin de l'exécution du scraper
Fri Mar 21 14:11:01 CET 2025 : Début de l'exécution du scraper
Fri Mar 21 14:11:01 CET 2025 : Prix récupéré = 83512
Fri Mar 21 14:11:01 CET 2025 : Fin de l'exécution du scraper
Fri Mar 21 14:12:01 CET 2025 : Début de l'exécution du scraper
Fri Mar 21 14:12:01 CET 2025 : Prix récupéré = 83520
Fri Mar 21 14:12:01 CET 2025 : Fin de l'exécution du scraper
Fri Mar 21 14:13:01 CET 2025 : Début de l'exécution du scraper
Fri Mar 21 14:13:02 CET 2025 : Prix récupéré = 83553
Fri Mar 21 14:13:02 CET 2025 : Fin de l'exécution du scraper
Fri Mar 21 14:14:01 CET 2025 : Début de l'exécution du scraper
Fri Mar 21 14:14:01 CET 2025 : Prix récupéré = 83622
Fri Mar 21 14:14:01 CET 2025 : Fin de l'exécution du scraper
Fri Mar 21 14:15:01 CET 2025 : Début de l'exécution du scraper
Fri Mar 21 14:15:01 CET 2025 : Prix récupéré = 83619
Fri Mar 21 14:15:01 CET 2025 : Fin de l'exécution du scraper
Fri Mar 21 14:16:01 CET 2025 : Début de l'exécution du scraper
Fri Mar 21 14:16:01 CET 2025 : Prix récupéré = 83619
Fri Mar 21 14:16:01 CET 2025 : Fin de l'exécution du scraper
Fri Mar 21 14:17:01 CET 2025 : Début de l'exécution du scraper
Fri Mar 21 14:17:01 CET 2025 : Prix récupéré = 83631
Fri Mar 21 14:17:01 CET 2025 : Fin de l'exécution du scraper
Fri Mar 21 14:18:01 CET 2025 : Début de l'exécution du scraper
Fri Mar 21 14:18:01 CET 2025 : Prix récupéré = 83674
Fri Mar 21 14:18:01 CET 2025 : Fin de l'exécution du scraper
Fri Mar 21 14:19:01 CET 2025 : Début de l'exécution du scraper
Fri Mar 21 14:19:01 CET 2025 : Prix récupéré = 83723
Fri Mar 21 14:19:01 CET 2025 : Fin de l'exécution du scraper
Fri Mar 21 14:20:01 CET 2025 : Début de l'exécution du scraper
Fri Mar 21 14:20:01 CET 2025 : Prix récupéré = 83696
Fri Mar 21 14:20:01 CET 2025 : Fin de l'exécution du scraper
Fri Mar 21 14:21:01 CET 2025 : Début de l'exécution du scraper
Fri Mar 21 14:21:01 CET 2025 : Prix récupéré = 83706
Fri Mar 21 14:21:01 CET 2025 : Fin de l'exécution du scraper
Fri Mar 21 14:22:01 CET 2025 : Début de l'exécution du scraper
Fri Mar 21 14:22:01 CET 2025 : Prix récupéré = 83745
Fri Mar 21 14:22:01 CET 2025 : Fin de l'exécution du scraper
Fri Mar 21 14:23:01 CET 2025 : Début de l'exécution du scraper
Fri Mar 21 14:23:01 CET 2025 : Prix récupéré = 83735
Fri Mar 21 14:23:01 CET 2025 : Fin de l'exécution du scraper
Fri Mar 21 14:24:01 CET 2025 : Début de l'exécution du scraper
Fri Mar 21 14:24:01 CET 2025 : Prix récupéré = 83680
Fri Mar 21 14:24:01 CET 2025 : Fin de l'exécution du scraper
Fri Mar 21 14:25:02 CET 2025 : Début de l'exécution du scraper
Fri Mar 21 14:25:02 CET 2025 : Prix récupéré = 83615
Fri Mar 21 14:25:02 CET 2025 : Fin de l'exécution du scraper
Fri Mar 21 14:26:01 CET 2025 : Début de l'exécution du scraper
Fri Mar 21 14:26:01 CET 2025 : Prix récupéré = 83558
Fri Mar 21 14:26:01 CET 2025 : Fin de l'exécution du scraper
Fri Mar 21 14:27:01 CET 2025 : Début de l'exécution du scraper
Fri Mar 21 14:27:01 CET 2025 : Prix récupéré = 83522
Fri Mar 21 14:27:01 CET 2025 : Fin de l'exécution du scraper
Fri Mar 21 14:28:01 CET 2025 : Début de l'exécution du scraper
Fri Mar 21 14:28:01 CET 2025 : Prix récupéré = 83533
Fri Mar 21 14:28:01 CET 2025 : Fin de l'exécution du scraper
Fri Mar 21 14:29:01 CET 2025 : Début de l'exécution du scraper
Fri Mar 21 14:29:01 CET 2025 : Prix récupéré = 83508
Fri Mar 21 14:29:01 CET 2025 : Fin de l'exécution du scraper
Fri Mar 21 14:30:01 CET 2025 : Début de l'exécution du scraper
Fri Mar 21 14:30:02 CET 2025 : Prix récupéré = 83515
Fri Mar 21 14:30:02 CET 2025 : Fin de l'exécution du scraper
Fri Mar 21 14:31:01 CET 2025 : Début de l'exécution du scraper
Fri Mar 21 14:31:01 CET 2025 : Prix récupéré = 83602
Fri Mar 21 14:31:01 CET 2025 : Fin de l'exécution du scraper
Fri Mar 21 14:32:01 CET 2025 : Début de l'exécution du scraper
Fri Mar 21 14:32:01 CET 2025 : Prix récupéré = 83716
Fri Mar 21 14:32:01 CET 2025 : Fin de l'exécution du scraper
Fri Mar 21 14:33:01 CET 2025 : Début de l'exécution du scraper
Fri Mar 21 14:33:01 CET 2025 : Prix récupéré = 83714
Fri Mar 21 14:33:01 CET 2025 : Fin de l'exécution du scraper
Fri Mar 21 14:34:01 CET 2025 : Début de l'exécution du scraper
Fri Mar 21 14:34:01 CET 2025 : Prix récupéré = 83714
Fri Mar 21 14:34:01 CET 2025 : Fin de l'exécution du scraper
Fri Mar 21 14:35:01 CET 2025 : Début de l'exécution du scraper
Fri Mar 21 14:35:02 CET 2025 : Prix récupéré = 83451
Fri Mar 21 14:35:02 CET 2025 : Fin de l'exécution du scraper
Fri Mar 21 14:36:01 CET 2025 : Début de l'exécution du scraper
Fri Mar 21 14:36:01 CET 2025 : Prix récupéré = 83380
Fri Mar 21 14:36:01 CET 2025 : Fin de l'exécution du scraper
Fri Mar 21 14:37:01 CET 2025 : Début de l'exécution du scraper
Fri Mar 21 14:37:01 CET 2025 : Prix récupéré = 83351
Fri Mar 21 14:37:01 CET 2025 : Fin de l'exécution du scraper
Fri Mar 21 14:38:01 CET 2025 : Début de l'exécution du scraper
Fri Mar 21 14:38:01 CET 2025 : Prix récupéré = 83351
Fri Mar 21 14:38:01 CET 2025 : Fin de l'exécution du scraper
Fri Mar 21 14:39:01 CET 2025 : Début de l'exécution du scraper
Fri Mar 21 14:39:01 CET 2025 : Prix récupéré = 83187
Fri Mar 21 14:39:01 CET 2025 : Fin de l'exécution du scraper
Fri Mar 21 14:40:01 CET 2025 : Début de l'exécution du scraper
Fri Mar 21 14:40:01 CET 2025 : Prix récupéré = 83195
Fri Mar 21 14:40:01 CET 2025 : Fin de l'exécution du scraper
Fri Mar 21 14:41:02 CET 2025 : Début de l'exécution du scraper
Fri Mar 21 14:41:02 CET 2025 : Prix récupéré = 83202
Fri Mar 21 14:41:02 CET 2025 : Fin de l'exécution du scraper
Fri Mar 21 14:42:01 CET 2025 : Début de l'exécution du scraper
Fri Mar 21 14:42:01 CET 2025 : Prix récupéré = 83239
Fri Mar 21 14:42:01 CET 2025 : Fin de l'exécution du scraper
Fri Mar 21 14:43:01 CET 2025 : Début de l'exécution du scraper
Fri Mar 21 14:43:01 CET 2025 : Prix récupéré = 83357
Fri Mar 21 14:43:01 CET 2025 : Fin de l'exécution du scraper
Fri Mar 21 14:44:01 CET 2025 : Début de l'exécution du scraper
Fri Mar 21 14:44:01 CET 2025 : Prix récupéré = 83667
Fri Mar 21 14:44:01 CET 2025 : Fin de l'exécution du scraper
Fri Mar 21 14:45:01 CET 2025 : Début de l'exécution du scraper
Fri Mar 21 14:45:01 CET 2025 : Prix récupéré = 83681
Fri Mar 21 14:45:01 CET 2025 : Fin de l'exécution du scraper
Fri Mar 21 14:46:01 CET 2025 : Début de l'exécution du scraper
Fri Mar 21 14:46:02 CET 2025 : Prix récupéré = 83647
Fri Mar 21 14:46:02 CET 2025 : Fin de l'exécution du scraper
Fri Mar 21 14:47:01 CET 2025 : Début de l'exécution du scraper
Fri Mar 21 14:47:01 CET 2025 : Prix récupéré = 83714
Fri Mar 21 14:47:01 CET 2025 : Fin de l'exécution du scraper
Fri Mar 21 14:48:01 CET 2025 : Début de l'exécution du scraper
Fri Mar 21 14:48:01 CET 2025 : Prix récupéré = 83751
Fri Mar 21 14:48:01 CET 2025 : Fin de l'exécution du scraper
Fri Mar 21 14:49:01 CET 2025 : Début de l'exécution du scraper
Fri Mar 21 14:49:01 CET 2025 : Prix récupéré = 83876
Fri Mar 21 14:49:01 CET 2025 : Fin de l'exécution du scraper
Fri Mar 21 14:50:01 CET 2025 : Début de l'exécution du scraper
Fri Mar 21 14:50:01 CET 2025 : Prix récupéré = 83850
Fri Mar 21 14:50:01 CET 2025 : Fin de l'exécution du scraper
Fri Mar 21 14:51:01 CET 2025 : Début de l'exécution du scraper
Fri Mar 21 14:51:02 CET 2025 : Prix récupéré = 83909
Fri Mar 21 14:51:02 CET 2025 : Fin de l'exécution du scraper
Fri Mar 21 14:52:01 CET 2025 : Début de l'exécution du scraper
Fri Mar 21 14:52:01 CET 2025 : Prix récupéré = 83862
Fri Mar 21 14:52:01 CET 2025 : Fin de l'exécution du scraper
Fri Mar 21 14:53:01 CET 2025 : Début de l'exécution du scraper
Fri Mar 21 14:53:01 CET 2025 : Prix récupéré = 83858
Fri Mar 21 14:53:01 CET 2025 : Fin de l'exécution du scraper
Fri Mar 21 14:54:01 CET 2025 : Début de l'exécution du scraper
Fri Mar 21 14:54:01 CET 2025 : Prix récupéré = 83892
Fri Mar 21 14:54:01 CET 2025 : Fin de l'exécution du scraper
Fri Mar 21 14:55:01 CET 2025 : Début de l'exécution du scraper
Fri Mar 21 14:55:01 CET 2025 : Prix récupéré = 83914
Fri Mar 21 14:55:01 CET 2025 : Fin de l'exécution du scraper
Fri Mar 21 14:56:01 CET 2025 : Début de l'exécution du scraper
Fri Mar 21 14:56:01 CET 2025 : Prix récupéré = 83900
Fri Mar 21 14:56:01 CET 2025 : Fin de l'exécution du scraper
Fri Mar 21 14:57:01 CET 2025 : Début de l'exécution du scraper
Fri Mar 21 14:57:02 CET 2025 : Prix récupéré = 83938
Fri Mar 21 14:57:02 CET 2025 : Fin de l'exécution du scraper
Fri Mar 21 14:58:01 CET 2025 : Début de l'exécution du scraper
Fri Mar 21 14:58:01 CET 2025 : Prix récupéré = 83935
Fri Mar 21 14:58:01 CET 2025 : Fin de l'exécution du scraper
Fri Mar 21 14:59:01 CET 2025 : Début de l'exécution du scraper
Fri Mar 21 14:59:01 CET 2025 : Prix récupéré = 83893
Fri Mar 21 14:59:01 CET 2025 : Fin de l'exécution du scraper
Fri Mar 21 15:00:01 CET 2025 : Début de l'exécution du scraper
Fri Mar 21 15:00:01 CET 2025 : Prix récupéré = 83948
Fri Mar 21 15:00:01 CET 2025 : Fin de l'exécution du scraper
Fri Mar 21 15:01:01 CET 2025 : Début de l'exécution du scraper
Fri Mar 21 15:01:01 CET 2025 : Prix récupéré = 84019
Fri Mar 21 15:01:01 CET 2025 : Fin de l'exécution du scraper
Fri Mar 21 15:02:01 CET 2025 : Début de l'exécution du scraper
Fri Mar 21 15:02:01 CET 2025 : Prix récupéré = 83983
Fri Mar 21 15:02:01 CET 2025 : Fin de l'exécution du scraper
Fri Mar 21 15:03:01 CET 2025 : Début de l'exécution du scraper
Fri Mar 21 15:03:02 CET 2025 : Prix récupéré = 83848
Fri Mar 21 15:03:02 CET 2025 : Fin de l'exécution du scraper
Fri Mar 21 15:04:01 CET 2025 : Début de l'exécution du scraper
Fri Mar 21 15:04:01 CET 2025 : Prix récupéré = 83820
Fri Mar 21 15:04:01 CET 2025 : Fin de l'exécution du scraper
Fri Mar 21 15:05:01 CET 2025 : Début de l'exécution du scraper
Fri Mar 21 15:05:01 CET 2025 : Prix récupéré = 83812
Fri Mar 21 15:05:01 CET 2025 : Fin de l'exécution du scraper
Fri Mar 21 15:06:01 CET 2025 : Début de l'exécution du scraper
Fri Mar 21 15:06:01 CET 2025 : Prix récupéré = 83789
Fri Mar 21 15:06:01 CET 2025 : Fin de l'exécution du scraper
Fri Mar 21 15:07:01 CET 2025 : Début de l'exécution du scraper
Fri Mar 21 15:07:01 CET 2025 : Prix récupéré = 83683
Fri Mar 21 15:07:01 CET 2025 : Fin de l'exécution du scraper
Fri Mar 21 15:08:01 CET 2025 : Début de l'exécution du scraper
Fri Mar 21 15:08:02 CET 2025 : Prix récupéré = 83652
Fri Mar 21 15:08:02 CET 2025 : Fin de l'exécution du scraper
Fri Mar 21 15:09:01 CET 2025 : Début de l'exécution du scraper
Fri Mar 21 15:09:01 CET 2025 : Prix récupéré = 83625
Fri Mar 21 15:09:01 CET 2025 : Fin de l'exécution du scraper
Fri Mar 21 15:10:01 CET 2025 : Début de l'exécution du scraper
Fri Mar 21 15:10:01 CET 2025 : Prix récupéré = 83625
Fri Mar 21 15:10:01 CET 2025 : Fin de l'exécution du scraper
Fri Mar 21 15:11:01 CET 2025 : Début de l'exécution du scraper
Fri Mar 21 15:11:01 CET 2025 : Prix récupéré = 83640
Fri Mar 21 15:11:01 CET 2025 : Fin de l'exécution du scraper
Fri Mar 21 15:12:01 CET 2025 : Début de l'exécution du scraper
Fri Mar 21 15:12:01 CET 2025 : Prix récupéré = 83610
Fri Mar 21 15:12:01 CET 2025 : Fin de l'exécution du scraper
Fri Mar 21 15:13:01 CET 2025 : Début de l'exécution du scraper
Fri Mar 21 15:13:01 CET 2025 : Prix récupéré = 83517
Fri Mar 21 15:13:01 CET 2025 : Fin de l'exécution du scraper
Fri Mar 21 15:14:01 CET 2025 : Début de l'exécution du scraper
Fri Mar 21 15:14:02 CET 2025 : Prix récupéré = 83517
Fri Mar 21 15:14:02 CET 2025 : Fin de l'exécution du scraper
Fri Mar 21 15:15:01 CET 2025 : Début de l'exécution du scraper
Fri Mar 21 15:15:01 CET 2025 : Prix récupéré = 83606
Fri Mar 21 15:15:01 CET 2025 : Fin de l'exécution du scraper
Fri Mar 21 15:16:01 CET 2025 : Début de l'exécution du scraper
Fri Mar 21 15:16:01 CET 2025 : Prix récupéré = 83606
Fri Mar 21 15:16:01 CET 2025 : Fin de l'exécution du scraper
Fri Mar 21 15:17:01 CET 2025 : Début de l'exécution du scraper
Fri Mar 21 15:17:01 CET 2025 : Prix récupéré = 83645
Fri Mar 21 15:17:01 CET 2025 : Fin de l'exécution du scraper
Fri Mar 21 15:18:01 CET 2025 : Début de l'exécution du scraper
Fri Mar 21 15:18:01 CET 2025 : Prix récupéré = 83807
Fri Mar 21 15:18:01 CET 2025 : Fin de l'exécution du scraper
Fri Mar 21 15:19:01 CET 2025 : Début de l'exécution du scraper
Fri Mar 21 15:19:01 CET 2025 : Prix récupéré = 83758
Fri Mar 21 15:19:01 CET 2025 : Fin de l'exécution du scraper
Fri Mar 21 15:20:02 CET 2025 : Début de l'exécution du scraper
Fri Mar 21 15:20:02 CET 2025 : Prix récupéré = 83834
Fri Mar 21 15:20:02 CET 2025 : Fin de l'exécution du scraper
Fri Mar 21 15:21:01 CET 2025 : Début de l'exécution du scraper
Fri Mar 21 15:21:01 CET 2025 : Prix récupéré = 83863
Fri Mar 21 15:21:01 CET 2025 : Fin de l'exécution du scraper
Fri Mar 21 15:22:01 CET 2025 : Début de l'exécution du scraper
Fri Mar 21 15:22:01 CET 2025 : Prix récupéré = 83897
Fri Mar 21 15:22:01 CET 2025 : Fin de l'exécution du scraper
Fri Mar 21 15:23:01 CET 2025 : Début de l'exécution du scraper
Fri Mar 21 15:23:01 CET 2025 : Prix récupéré = 83994
Fri Mar 21 15:23:01 CET 2025 : Fin de l'exécution du scraper
Fri Mar 21 15:24:01 CET 2025 : Début de l'exécution du scraper
Fri Mar 21 15:24:01 CET 2025 : Prix récupéré = 83954
Fri Mar 21 15:24:01 CET 2025 : Fin de l'exécution du scraper
Fri Mar 21 15:25:01 CET 2025 : Début de l'exécution du scraper
Fri Mar 21 15:25:02 CET 2025 : Prix récupéré = 84074
Fri Mar 21 15:25:02 CET 2025 : Fin de l'exécution du scraper
Fri Mar 21 15:26:01 CET 2025 : Début de l'exécution du scraper
Fri Mar 21 15:26:01 CET 2025 : Prix récupéré = 84156
Fri Mar 21 15:26:01 CET 2025 : Fin de l'exécution du scraper
Fri Mar 21 15:27:01 CET 2025 : Début de l'exécution du scraper
Fri Mar 21 15:27:01 CET 2025 : Prix récupéré = 84154
Fri Mar 21 15:27:01 CET 2025 : Fin de l'exécution du scraper
Fri Mar 21 15:28:01 CET 2025 : Début de l'exécution du scraper
Fri Mar 21 15:28:01 CET 2025 : Prix récupéré = 84161
Fri Mar 21 15:28:01 CET 2025 : Fin de l'exécution du scraper
Fri Mar 21 15:29:01 CET 2025 : Début de l'exécution du scraper
Fri Mar 21 15:29:01 CET 2025 : Prix récupéré = 84181
Fri Mar 21 15:29:01 CET 2025 : Fin de l'exécution du scraper
Fri Mar 21 15:30:01 CET 2025 : Début de l'exécution du scraper
Fri Mar 21 15:30:02 CET 2025 : Prix récupéré = 84155
Fri Mar 21 15:30:02 CET 2025 : Fin de l'exécution du scraper
Fri Mar 21 15:31:01 CET 2025 : Début de l'exécution du scraper
Fri Mar 21 15:31:01 CET 2025 : Prix récupéré = 84103
Fri Mar 21 15:31:01 CET 2025 : Fin de l'exécution du scraper
Fri Mar 21 15:32:01 CET 2025 : Début de l'exécution du scraper
Fri Mar 21 15:32:01 CET 2025 : Prix récupéré = 84024
Fri Mar 21 15:32:01 CET 2025 : Fin de l'exécution du scraper
Fri Mar 21 15:33:01 CET 2025 : Début de l'exécution du scraper
Fri Mar 21 15:33:01 CET 2025 : Prix récupéré = 84024
Fri Mar 21 15:33:01 CET 2025 : Fin de l'exécution du scraper
Fri Mar 21 15:34:01 CET 2025 : Début de l'exécution du scraper
Fri Mar 21 15:34:01 CET 2025 : Prix récupéré = 84166
Fri Mar 21 15:34:01 CET 2025 : Fin de l'exécution du scraper
Fri Mar 21 15:35:01 CET 2025 : Début de l'exécution du scraper
Fri Mar 21 15:35:01 CET 2025 : Prix récupéré = 84162
Fri Mar 21 15:35:01 CET 2025 : Fin de l'exécution du scraper
Fri Mar 21 15:36:01 CET 2025 : Début de l'exécution du scraper
Fri Mar 21 15:36:01 CET 2025 : Prix récupéré = 84119
Fri Mar 21 15:36:01 CET 2025 : Fin de l'exécution du scraper
Fri Mar 21 15:37:01 CET 2025 : Début de l'exécution du scraper
Fri Mar 21 15:37:02 CET 2025 : Prix récupéré = 84119
Fri Mar 21 15:37:02 CET 2025 : Fin de l'exécution du scraper
Fri Mar 21 15:38:01 CET 2025 : Début de l'exécution du scraper
Fri Mar 21 15:38:01 CET 2025 : Prix récupéré = 84081
Fri Mar 21 15:38:01 CET 2025 : Fin de l'exécution du scraper
Fri Mar 21 15:39:01 CET 2025 : Début de l'exécution du scraper
Fri Mar 21 15:39:01 CET 2025 : Prix récupéré = 83992
Fri Mar 21 15:39:01 CET 2025 : Fin de l'exécution du scraper
Fri Mar 21 15:40:01 CET 2025 : Début de l'exécution du scraper
Fri Mar 21 15:40:01 CET 2025 : Prix récupéré = 83989
Fri Mar 21 15:40:01 CET 2025 : Fin de l'exécution du scraper
Fri Mar 21 15:41:01 CET 2025 : Début de l'exécution du scraper
Fri Mar 21 15:41:01 CET 2025 : Prix récupéré = 83939
Fri Mar 21 15:41:01 CET 2025 : Fin de l'exécution du scraper
Fri Mar 21 15:42:01 CET 2025 : Début de l'exécution du scraper
Fri Mar 21 15:42:02 CET 2025 : Prix récupéré = 83928
Fri Mar 21 15:42:02 CET 2025 : Fin de l'exécution du scraper
Fri Mar 21 15:43:01 CET 2025 : Début de l'exécution du scraper
Fri Mar 21 15:43:01 CET 2025 : Prix récupéré = 83928
Fri Mar 21 15:43:01 CET 2025 : Fin de l'exécution du scraper
Fri Mar 21 15:44:01 CET 2025 : Début de l'exécution du scraper
Fri Mar 21 15:44:01 CET 2025 : Prix récupéré = 83933
Fri Mar 21 15:44:01 CET 2025 : Fin de l'exécution du scraper
Fri Mar 21 15:45:01 CET 2025 : Début de l'exécution du scraper
Fri Mar 21 15:45:01 CET 2025 : Prix récupéré = 83933
Fri Mar 21 15:45:01 CET 2025 : Fin de l'exécution du scraper
Fri Mar 21 15:46:01 CET 2025 : Début de l'exécution du scraper
Fri Mar 21 15:46:01 CET 2025 : Prix récupéré = 83959
Fri Mar 21 15:46:01 CET 2025 : Fin de l'exécution du scraper
Fri Mar 21 15:47:01 CET 2025 : Début de l'exécution du scraper
Fri Mar 21 15:47:02 CET 2025 : Prix récupéré = 83996
Fri Mar 21 15:47:02 CET 2025 : Fin de l'exécution du scraper
Fri Mar 21 15:48:01 CET 2025 : Début de l'exécution du scraper
Fri Mar 21 15:48:01 CET 2025 : Prix récupéré = 84047
Fri Mar 21 15:48:01 CET 2025 : Fin de l'exécution du scraper
Fri Mar 21 15:49:01 CET 2025 : Début de l'exécution du scraper
Fri Mar 21 15:49:01 CET 2025 : Prix récupéré = 84047
Fri Mar 21 15:49:01 CET 2025 : Fin de l'exécution du scraper
Fri Mar 21 15:50:01 CET 2025 : Début de l'exécution du scraper
Fri Mar 21 15:50:01 CET 2025 : Prix récupéré = 84045
Fri Mar 21 15:50:01 CET 2025 : Fin de l'exécution du scraper
Fri Mar 21 15:51:01 CET 2025 : Début de l'exécution du scraper
Fri Mar 21 15:51:01 CET 2025 : Prix récupéré = 84058
Fri Mar 21 15:51:01 CET 2025 : Fin de l'exécution du scraper
Fri Mar 21 15:52:02 CET 2025 : Début de l'exécution du scraper
Fri Mar 21 15:52:02 CET 2025 : Prix récupéré = 84102
Fri Mar 21 15:52:02 CET 2025 : Fin de l'exécution du scraper
Fri Mar 21 15:53:01 CET 2025 : Début de l'exécution du scraper
Fri Mar 21 15:53:01 CET 2025 : Prix récupéré = 84080
Fri Mar 21 15:53:01 CET 2025 : Fin de l'exécution du scraper
Fri Mar 21 15:54:01 CET 2025 : Début de l'exécution du scraper
Fri Mar 21 15:54:01 CET 2025 : Prix récupéré = 83858
Fri Mar 21 15:54:01 CET 2025 : Fin de l'exécution du scraper
Fri Mar 21 15:55:01 CET 2025 : Début de l'exécution du scraper
Fri Mar 21 15:55:01 CET 2025 : Prix récupéré = 83870
Fri Mar 21 15:55:01 CET 2025 : Fin de l'exécution du scraper
Fri Mar 21 15:56:01 CET 2025 : Début de l'exécution du scraper
Fri Mar 21 15:56:01 CET 2025 : Prix récupéré = 83935
Fri Mar 21 15:56:01 CET 2025 : Fin de l'exécution du scraper
Fri Mar 21 15:57:01 CET 2025 : Début de l'exécution du scraper
Fri Mar 21 15:57:02 CET 2025 : Prix récupéré = 83994
Fri Mar 21 15:57:02 CET 2025 : Fin de l'exécution du scraper
Fri Mar 21 15:58:01 CET 2025 : Début de l'exécution du scraper
Fri Mar 21 15:58:01 CET 2025 : Prix récupéré = 83999
Fri Mar 21 15:58:01 CET 2025 : Fin de l'exécution du scraper
Fri Mar 21 15:59:01 CET 2025 : Début de l'exécution du scraper
Fri Mar 21 15:59:01 CET 2025 : Prix récupéré = 84094
Fri Mar 21 15:59:01 CET 2025 : Fin de l'exécution du scraper
Fri Mar 21 16:00:01 CET 2025 : Début de l'exécution du scraper
Fri Mar 21 16:00:01 CET 2025 : Prix récupéré = 84107
Fri Mar 21 16:00:01 CET 2025 : Fin de l'exécution du scraper
Fri Mar 21 16:01:01 CET 2025 : Début de l'exécution du scraper
Fri Mar 21 16:01:01 CET 2025 : Prix récupéré = 84173
Fri Mar 21 16:01:01 CET 2025 : Fin de l'exécution du scraper
Fri Mar 21 16:02:01 CET 2025 : Début de l'exécution du scraper
Fri Mar 21 16:02:02 CET 2025 : Prix récupéré = 84202
Fri Mar 21 16:02:02 CET 2025 : Fin de l'exécution du scraper
Fri Mar 21 16:03:01 CET 2025 : Début de l'exécution du scraper
Fri Mar 21 16:03:01 CET 2025 : Prix récupéré = 84241
Fri Mar 21 16:03:01 CET 2025 : Fin de l'exécution du scraper
Fri Mar 21 16:04:01 CET 2025 : Début de l'exécution du scraper
Fri Mar 21 16:04:01 CET 2025 : Prix récupéré = 84207
Fri Mar 21 16:04:01 CET 2025 : Fin de l'exécution du scraper
Fri Mar 21 16:05:01 CET 2025 : Début de l'exécution du scraper
Fri Mar 21 16:05:01 CET 2025 : Prix récupéré = 84129
Fri Mar 21 16:05:01 CET 2025 : Fin de l'exécution du scraper
Fri Mar 21 16:06:01 CET 2025 : Début de l'exécution du scraper
Fri Mar 21 16:06:01 CET 2025 : Prix récupéré = 84095
Fri Mar 21 16:06:01 CET 2025 : Fin de l'exécution du scraper
Fri Mar 21 16:07:01 CET 2025 : Début de l'exécution du scraper
Fri Mar 21 16:07:01 CET 2025 : Prix récupéré = 84057
Fri Mar 21 16:07:01 CET 2025 : Fin de l'exécution du scraper
Fri Mar 21 16:08:01 CET 2025 : Début de l'exécution du scraper
Fri Mar 21 16:08:02 CET 2025 : Prix récupéré = 83993
Fri Mar 21 16:08:02 CET 2025 : Fin de l'exécution du scraper
Fri Mar 21 16:09:01 CET 2025 : Début de l'exécution du scraper
Fri Mar 21 16:09:01 CET 2025 : Prix récupéré = 84001
Fri Mar 21 16:09:01 CET 2025 : Fin de l'exécution du scraper
Fri Mar 21 16:10:01 CET 2025 : Début de l'exécution du scraper
Fri Mar 21 16:10:01 CET 2025 : Prix récupéré = 84001
Fri Mar 21 16:10:01 CET 2025 : Fin de l'exécution du scraper
Fri Mar 21 16:11:01 CET 2025 : Début de l'exécution du scraper
Fri Mar 21 16:11:01 CET 2025 : Prix récupéré = 84003
Fri Mar 21 16:11:01 CET 2025 : Fin de l'exécution du scraper
Fri Mar 21 16:12:01 CET 2025 : Début de l'exécution du scraper
Fri Mar 21 16:12:01 CET 2025 : Prix récupéré = 84015
Fri Mar 21 16:12:01 CET 2025 : Fin de l'exécution du scraper
Fri Mar 21 16:13:01 CET 2025 : Début de l'exécution du scraper
Fri Mar 21 16:13:01 CET 2025 : Prix récupéré = 83995
Fri Mar 21 16:13:01 CET 2025 : Fin de l'exécution du scraper
Fri Mar 21 16:14:01 CET 2025 : Début de l'exécution du scraper
Fri Mar 21 16:14:02 CET 2025 : Prix récupéré = 83995
Fri Mar 21 16:14:02 CET 2025 : Fin de l'exécution du scraper
Fri Mar 21 16:15:01 CET 2025 : Début de l'exécution du scraper
Fri Mar 21 16:15:01 CET 2025 : Prix récupéré = 84003
Fri Mar 21 16:15:01 CET 2025 : Fin de l'exécution du scraper
Fri Mar 21 16:16:01 CET 2025 : Début de l'exécution du scraper
Fri Mar 21 16:16:01 CET 2025 : Prix récupéré = 83848
Fri Mar 21 16:16:01 CET 2025 : Fin de l'exécution du scraper
Fri Mar 21 16:17:01 CET 2025 : Début de l'exécution du scraper
Fri Mar 21 16:17:01 CET 2025 : Prix récupéré = 83858
Fri Mar 21 16:17:01 CET 2025 : Fin de l'exécution du scraper
Fri Mar 21 16:18:01 CET 2025 : Début de l'exécution du scraper
Fri Mar 21 16:18:02 CET 2025 : Prix récupéré = 83858
Fri Mar 21 16:18:02 CET 2025 : Fin de l'exécution du scraper
Fri Mar 21 16:19:01 CET 2025 : Début de l'exécution du scraper
Fri Mar 21 16:19:01 CET 2025 : Prix récupéré = 83812
Fri Mar 21 16:19:01 CET 2025 : Fin de l'exécution du scraper
Fri Mar 21 16:20:01 CET 2025 : Début de l'exécution du scraper
Fri Mar 21 16:20:01 CET 2025 : Prix récupéré = 83834
Fri Mar 21 16:20:01 CET 2025 : Fin de l'exécution du scraper
Fri Mar 21 16:21:01 CET 2025 : Début de l'exécution du scraper
Fri Mar 21 16:21:01 CET 2025 : Prix récupéré = 83850
Fri Mar 21 16:21:01 CET 2025 : Fin de l'exécution du scraper
Fri Mar 21 16:22:01 CET 2025 : Début de l'exécution du scraper
Fri Mar 21 16:22:01 CET 2025 : Prix récupéré = 83807
Fri Mar 21 16:22:01 CET 2025 : Fin de l'exécution du scraper
Fri Mar 21 16:23:01 CET 2025 : Début de l'exécution du scraper
Fri Mar 21 16:23:01 CET 2025 : Prix récupéré = 83692
Fri Mar 21 16:23:01 CET 2025 : Fin de l'exécution du scraper
Fri Mar 21 16:24:01 CET 2025 : Début de l'exécution du scraper
Fri Mar 21 16:24:01 CET 2025 : Prix récupéré = 83739
Fri Mar 21 16:24:01 CET 2025 : Fin de l'exécution du scraper
Fri Mar 21 16:25:01 CET 2025 : Début de l'exécution du scraper
Fri Mar 21 16:25:02 CET 2025 : Prix récupéré = 83764
Fri Mar 21 16:25:02 CET 2025 : Fin de l'exécution du scraper
Fri Mar 21 16:26:01 CET 2025 : Début de l'exécution du scraper
Fri Mar 21 16:26:01 CET 2025 : Prix récupéré = 83757
Fri Mar 21 16:26:01 CET 2025 : Fin de l'exécution du scraper
Fri Mar 21 16:27:01 CET 2025 : Début de l'exécution du scraper
Fri Mar 21 16:27:01 CET 2025 : Prix récupéré = 83768
Fri Mar 21 16:27:01 CET 2025 : Fin de l'exécution du scraper
Fri Mar 21 16:28:01 CET 2025 : Début de l'exécution du scraper
Fri Mar 21 16:28:01 CET 2025 : Prix récupéré = 83808
Fri Mar 21 16:28:01 CET 2025 : Fin de l'exécution du scraper
Fri Mar 21 16:29:01 CET 2025 : Début de l'exécution du scraper
Fri Mar 21 16:29:01 CET 2025 : Prix récupéré = 83802
Fri Mar 21 16:29:01 CET 2025 : Fin de l'exécution du scraper
Fri Mar 21 16:30:01 CET 2025 : Début de l'exécution du scraper
Fri Mar 21 16:30:01 CET 2025 : Prix récupéré = 83766
Fri Mar 21 16:30:01 CET 2025 : Fin de l'exécution du scraper
Fri Mar 21 16:31:01 CET 2025 : Début de l'exécution du scraper
Fri Mar 21 16:31:01 CET 2025 : Prix récupéré = 83759
Fri Mar 21 16:31:01 CET 2025 : Fin de l'exécution du scraper
Fri Mar 21 16:32:01 CET 2025 : Début de l'exécution du scraper
Fri Mar 21 16:32:02 CET 2025 : Prix récupéré = 83760
Fri Mar 21 16:32:02 CET 2025 : Fin de l'exécution du scraper
Fri Mar 21 16:33:01 CET 2025 : Début de l'exécution du scraper
Fri Mar 21 16:33:01 CET 2025 : Prix récupéré = 83771
Fri Mar 21 16:33:01 CET 2025 : Fin de l'exécution du scraper
Fri Mar 21 16:34:01 CET 2025 : Début de l'exécution du scraper
Fri Mar 21 16:34:01 CET 2025 : Prix récupéré = 83817
Fri Mar 21 16:34:01 CET 2025 : Fin de l'exécution du scraper
Fri Mar 21 16:35:01 CET 2025 : Début de l'exécution du scraper
Fri Mar 21 16:35:01 CET 2025 : Prix récupéré = 83904
Fri Mar 21 16:35:01 CET 2025 : Fin de l'exécution du scraper
Fri Mar 21 16:36:01 CET 2025 : Début de l'exécution du scraper
Fri Mar 21 16:36:01 CET 2025 : Prix récupéré = 83904
Fri Mar 21 16:36:01 CET 2025 : Fin de l'exécution du scraper
Fri Mar 21 16:37:02 CET 2025 : Début de l'exécution du scraper
Fri Mar 21 16:37:02 CET 2025 : Prix récupéré = 83840
Fri Mar 21 16:37:02 CET 2025 : Fin de l'exécution du scraper
Fri Mar 21 16:38:01 CET 2025 : Début de l'exécution du scraper
Fri Mar 21 16:38:01 CET 2025 : Prix récupéré = 83798
Fri Mar 21 16:38:01 CET 2025 : Fin de l'exécution du scraper
Fri Mar 21 16:39:01 CET 2025 : Début de l'exécution du scraper
Fri Mar 21 16:39:01 CET 2025 : Prix récupéré = 83742
Fri Mar 21 16:39:01 CET 2025 : Fin de l'exécution du scraper
Fri Mar 21 16:40:01 CET 2025 : Début de l'exécution du scraper
Fri Mar 21 16:40:01 CET 2025 : Prix récupéré = 83742
Fri Mar 21 16:40:01 CET 2025 : Fin de l'exécution du scraper
Fri Mar 21 16:41:01 CET 2025 : Début de l'exécution du scraper
Fri Mar 21 16:41:01 CET 2025 : Prix récupéré = 83728
Fri Mar 21 16:41:01 CET 2025 : Fin de l'exécution du scraper
Fri Mar 21 16:42:01 CET 2025 : Début de l'exécution du scraper
Fri Mar 21 16:42:01 CET 2025 : Prix récupéré = 83727
Fri Mar 21 16:42:01 CET 2025 : Fin de l'exécution du scraper
Fri Mar 21 16:43:01 CET 2025 : Début de l'exécution du scraper
Fri Mar 21 16:43:02 CET 2025 : Prix récupéré = 83723
Fri Mar 21 16:43:02 CET 2025 : Fin de l'exécution du scraper
Fri Mar 21 16:44:01 CET 2025 : Début de l'exécution du scraper
Fri Mar 21 16:44:01 CET 2025 : Prix récupéré = 83718
Fri Mar 21 16:44:01 CET 2025 : Fin de l'exécution du scraper
Fri Mar 21 16:45:01 CET 2025 : Début de l'exécution du scraper
Fri Mar 21 16:45:01 CET 2025 : Prix récupéré = 83648
Fri Mar 21 16:45:01 CET 2025 : Fin de l'exécution du scraper
Fri Mar 21 16:46:01 CET 2025 : Début de l'exécution du scraper
Fri Mar 21 16:46:01 CET 2025 : Prix récupéré = 83558
Fri Mar 21 16:46:01 CET 2025 : Fin de l'exécution du scraper
Fri Mar 21 16:47:01 CET 2025 : Début de l'exécution du scraper
Fri Mar 21 16:47:01 CET 2025 : Prix récupéré = 83579
Fri Mar 21 16:47:01 CET 2025 : Fin de l'exécution du scraper
Fri Mar 21 16:48:01 CET 2025 : Début de l'exécution du scraper
Fri Mar 21 16:48:01 CET 2025 : Prix récupéré = 83582
Fri Mar 21 16:48:01 CET 2025 : Fin de l'exécution du scraper
Fri Mar 21 16:49:01 CET 2025 : Début de l'exécution du scraper
Fri Mar 21 16:49:02 CET 2025 : Prix récupéré = 83618
Fri Mar 21 16:49:02 CET 2025 : Fin de l'exécution du scraper
Fri Mar 21 16:50:01 CET 2025 : Début de l'exécution du scraper
Fri Mar 21 16:50:01 CET 2025 : Prix récupéré = 83639
Fri Mar 21 16:50:01 CET 2025 : Fin de l'exécution du scraper
Fri Mar 21 16:51:01 CET 2025 : Début de l'exécution du scraper
Fri Mar 21 16:51:01 CET 2025 : Prix récupéré = 83690
Fri Mar 21 16:51:01 CET 2025 : Fin de l'exécution du scraper
Fri Mar 21 16:52:01 CET 2025 : Début de l'exécution du scraper
Fri Mar 21 16:52:01 CET 2025 : Prix récupéré = 83678
Fri Mar 21 16:52:01 CET 2025 : Fin de l'exécution du scraper
Fri Mar 21 16:53:01 CET 2025 : Début de l'exécution du scraper
Fri Mar 21 16:53:01 CET 2025 : Prix récupéré = 83692
Fri Mar 21 16:53:01 CET 2025 : Fin de l'exécution du scraper
Fri Mar 21 16:54:01 CET 2025 : Début de l'exécution du scraper
Fri Mar 21 16:54:01 CET 2025 : Prix récupéré = 83688
Fri Mar 21 16:54:01 CET 2025 : Fin de l'exécution du scraper
Fri Mar 21 16:55:01 CET 2025 : Début de l'exécution du scraper
Fri Mar 21 16:55:01 CET 2025 : Prix récupéré = 83675
Fri Mar 21 16:55:01 CET 2025 : Fin de l'exécution du scraper
Fri Mar 21 16:56:01 CET 2025 : Début de l'exécution du scraper
Fri Mar 21 16:56:02 CET 2025 : Prix récupéré = 83631
Fri Mar 21 16:56:02 CET 2025 : Fin de l'exécution du scraper
Fri Mar 21 16:57:01 CET 2025 : Début de l'exécution du scraper
Fri Mar 21 16:57:01 CET 2025 : Prix récupéré = 83554
Fri Mar 21 16:57:01 CET 2025 : Fin de l'exécution du scraper
Fri Mar 21 16:58:01 CET 2025 : Début de l'exécution du scraper
Fri Mar 21 16:58:01 CET 2025 : Prix récupéré = 83554
Fri Mar 21 16:58:01 CET 2025 : Fin de l'exécution du scraper
Fri Mar 21 16:59:01 CET 2025 : Début de l'exécution du scraper
Fri Mar 21 16:59:01 CET 2025 : Prix récupéré = 83561
Fri Mar 21 16:59:01 CET 2025 : Fin de l'exécution du scraper
Fri Mar 21 17:00:01 CET 2025 : Début de l'exécution du scraper
Fri Mar 21 17:00:01 CET 2025 : Prix récupéré = 83525
Fri Mar 21 17:00:01 CET 2025 : Fin de l'exécution du scraper
Fri Mar 21 17:01:01 CET 2025 : Début de l'exécution du scraper
Fri Mar 21 17:01:02 CET 2025 : Prix récupéré = 83524
Fri Mar 21 17:01:02 CET 2025 : Fin de l'exécution du scraper
Fri Mar 21 17:02:01 CET 2025 : Début de l'exécution du scraper
Fri Mar 21 17:02:01 CET 2025 : Prix récupéré = 83510
Fri Mar 21 17:02:01 CET 2025 : Fin de l'exécution du scraper
Fri Mar 21 17:03:01 CET 2025 : Début de l'exécution du scraper
Fri Mar 21 17:03:01 CET 2025 : Prix récupéré = 83509
Fri Mar 21 17:03:01 CET 2025 : Fin de l'exécution du scraper
Fri Mar 21 17:04:01 CET 2025 : Début de l'exécution du scraper
Fri Mar 21 17:04:01 CET 2025 : Prix récupéré = 83488
Fri Mar 21 17:04:01 CET 2025 : Fin de l'exécution du scraper
Fri Mar 21 17:05:01 CET 2025 : Début de l'exécution du scraper
Fri Mar 21 17:05:01 CET 2025 : Prix récupéré = 83434
Fri Mar 21 17:05:01 CET 2025 : Fin de l'exécution du scraper
Fri Mar 21 17:06:01 CET 2025 : Début de l'exécution du scraper
Fri Mar 21 17:06:01 CET 2025 : Prix récupéré = 83435
Fri Mar 21 17:06:01 CET 2025 : Fin de l'exécution du scraper
Fri Mar 21 17:07:01 CET 2025 : Début de l'exécution du scraper
Fri Mar 21 17:07:02 CET 2025 : Prix récupéré = 83451
Fri Mar 21 17:07:02 CET 2025 : Fin de l'exécution du scraper
Fri Mar 21 17:08:01 CET 2025 : Début de l'exécution du scraper
Fri Mar 21 17:08:01 CET 2025 : Prix récupéré = 83402
Fri Mar 21 17:08:01 CET 2025 : Fin de l'exécution du scraper
Fri Mar 21 17:09:01 CET 2025 : Début de l'exécution du scraper
Fri Mar 21 17:09:01 CET 2025 : Prix récupéré = 83446
Fri Mar 21 17:09:01 CET 2025 : Fin de l'exécution du scraper
Fri Mar 21 17:10:01 CET 2025 : Début de l'exécution du scraper
Fri Mar 21 17:10:01 CET 2025 : Prix récupéré = 83510
Fri Mar 21 17:10:01 CET 2025 : Fin de l'exécution du scraper
Fri Mar 21 17:11:01 CET 2025 : Début de l'exécution du scraper
Fri Mar 21 17:11:01 CET 2025 : Prix récupéré = 83554
Fri Mar 21 17:11:01 CET 2025 : Fin de l'exécution du scraper
Fri Mar 21 17:12:01 CET 2025 : Début de l'exécution du scraper
Fri Mar 21 17:12:01 CET 2025 : Prix récupéré = 83663
Fri Mar 21 17:12:01 CET 2025 : Fin de l'exécution du scraper
Fri Mar 21 17:13:01 CET 2025 : Début de l'exécution du scraper
Fri Mar 21 17:13:02 CET 2025 : Prix récupéré = 83654
Fri Mar 21 17:13:02 CET 2025 : Fin de l'exécution du scraper
Fri Mar 21 17:14:01 CET 2025 : Début de l'exécution du scraper
Fri Mar 21 17:14:01 CET 2025 : Prix récupéré = 83654
Fri Mar 21 17:14:01 CET 2025 : Fin de l'exécution du scraper
Fri Mar 21 17:15:01 CET 2025 : Début de l'exécution du scraper
Fri Mar 21 17:15:01 CET 2025 : Prix récupéré = 83752
Fri Mar 21 17:15:01 CET 2025 : Fin de l'exécution du scraper
Fri Mar 21 17:16:01 CET 2025 : Début de l'exécution du scraper
Fri Mar 21 17:16:01 CET 2025 : Prix récupéré = 83740
Fri Mar 21 17:16:01 CET 2025 : Fin de l'exécution du scraper
Fri Mar 21 17:17:01 CET 2025 : Début de l'exécution du scraper
Fri Mar 21 17:17:01 CET 2025 : Prix récupéré = 83817
Fri Mar 21 17:17:01 CET 2025 : Fin de l'exécution du scraper
Fri Mar 21 17:18:01 CET 2025 : Début de l'exécution du scraper
Fri Mar 21 17:18:01 CET 2025 : Prix récupéré = 83791
Fri Mar 21 17:18:01 CET 2025 : Fin de l'exécution du scraper
Fri Mar 21 17:19:01 CET 2025 : Début de l'exécution du scraper
Fri Mar 21 17:19:02 CET 2025 : Prix récupéré = 83733
Fri Mar 21 17:19:02 CET 2025 : Fin de l'exécution du scraper
Fri Mar 21 17:20:01 CET 2025 : Début de l'exécution du scraper
Fri Mar 21 17:20:01 CET 2025 : Prix récupéré = 83711
Fri Mar 21 17:20:01 CET 2025 : Fin de l'exécution du scraper
Fri Mar 21 17:21:01 CET 2025 : Début de l'exécution du scraper
Fri Mar 21 17:21:01 CET 2025 : Prix récupéré = 83682
Fri Mar 21 17:21:01 CET 2025 : Fin de l'exécution du scraper
Fri Mar 21 17:22:01 CET 2025 : Début de l'exécution du scraper
Fri Mar 21 17:22:01 CET 2025 : Prix récupéré = 83682
Fri Mar 21 17:22:01 CET 2025 : Fin de l'exécution du scraper
Fri Mar 21 17:23:01 CET 2025 : Début de l'exécution du scraper
Fri Mar 21 17:23:01 CET 2025 : Prix récupéré = 83745
Fri Mar 21 17:23:01 CET 2025 : Fin de l'exécution du scraper
Fri Mar 21 17:24:01 CET 2025 : Début de l'exécution du scraper
Fri Mar 21 17:24:01 CET 2025 : Prix récupéré = 83788
Fri Mar 21 17:24:01 CET 2025 : Fin de l'exécution du scraper
Fri Mar 21 17:25:01 CET 2025 : Début de l'exécution du scraper
Fri Mar 21 17:25:02 CET 2025 : Prix récupéré = 83837
Fri Mar 21 17:25:02 CET 2025 : Fin de l'exécution du scraper
Fri Mar 21 17:26:01 CET 2025 : Début de l'exécution du scraper
Fri Mar 21 17:26:01 CET 2025 : Prix récupéré = 83981
Fri Mar 21 17:26:01 CET 2025 : Fin de l'exécution du scraper
Fri Mar 21 17:27:01 CET 2025 : Début de l'exécution du scraper
Fri Mar 21 17:27:01 CET 2025 : Prix récupéré = 83985
Fri Mar 21 17:27:01 CET 2025 : Fin de l'exécution du scraper
Fri Mar 21 17:28:01 CET 2025 : Début de l'exécution du scraper
Fri Mar 21 17:28:01 CET 2025 : Prix récupéré = 83926
Fri Mar 21 17:28:01 CET 2025 : Fin de l'exécution du scraper
Fri Mar 21 17:29:01 CET 2025 : Début de l'exécution du scraper
Fri Mar 21 17:29:01 CET 2025 : Prix récupéré = 83931
Fri Mar 21 17:29:01 CET 2025 : Fin de l'exécution du scraper
Fri Mar 21 17:30:01 CET 2025 : Début de l'exécution du scraper
Fri Mar 21 17:30:01 CET 2025 : Prix récupéré = 83949
Fri Mar 21 17:30:01 CET 2025 : Fin de l'exécution du scraper
Fri Mar 21 17:31:01 CET 2025 : Début de l'exécution du scraper
Fri Mar 21 17:31:02 CET 2025 : Prix récupéré = 83991
Fri Mar 21 17:31:02 CET 2025 : Fin de l'exécution du scraper
Fri Mar 21 17:32:01 CET 2025 : Début de l'exécution du scraper
Fri Mar 21 17:32:01 CET 2025 : Prix récupéré = 83991
Fri Mar 21 17:32:01 CET 2025 : Fin de l'exécution du scraper
Fri Mar 21 17:33:01 CET 2025 : Début de l'exécution du scraper
Fri Mar 21 17:33:01 CET 2025 : Prix récupéré = 83971
Fri Mar 21 17:33:01 CET 2025 : Fin de l'exécution du scraper
Fri Mar 21 17:34:01 CET 2025 : Début de l'exécution du scraper
Fri Mar 21 17:34:01 CET 2025 : Prix récupéré = 84040
Fri Mar 21 17:34:01 CET 2025 : Fin de l'exécution du scraper
Fri Mar 21 17:35:01 CET 2025 : Début de l'exécution du scraper
Fri Mar 21 17:35:01 CET 2025 : Prix récupéré = 84066
Fri Mar 21 17:35:01 CET 2025 : Fin de l'exécution du scraper
Fri Mar 21 17:36:01 CET 2025 : Début de l'exécution du scraper
Fri Mar 21 17:36:01 CET 2025 : Prix récupéré = 84039
Fri Mar 21 17:36:01 CET 2025 : Fin de l'exécution du scraper
Fri Mar 21 17:37:01 CET 2025 : Début de l'exécution du scraper
Fri Mar 21 17:37:01 CET 2025 : Prix récupéré = 83975
Fri Mar 21 17:37:01 CET 2025 : Fin de l'exécution du scraper
Fri Mar 21 17:38:01 CET 2025 : Début de l'exécution du scraper
Fri Mar 21 17:38:02 CET 2025 : Prix récupéré = 83981
Fri Mar 21 17:38:02 CET 2025 : Fin de l'exécution du scraper
Fri Mar 21 17:39:01 CET 2025 : Début de l'exécution du scraper
Fri Mar 21 17:39:01 CET 2025 : Prix récupéré = 83897
Fri Mar 21 17:39:01 CET 2025 : Fin de l'exécution du scraper
Fri Mar 21 17:40:01 CET 2025 : Début de l'exécution du scraper
Fri Mar 21 17:40:01 CET 2025 : Prix récupéré = 83866
Fri Mar 21 17:40:01 CET 2025 : Fin de l'exécution du scraper
Fri Mar 21 17:41:01 CET 2025 : Début de l'exécution du scraper
Fri Mar 21 17:41:01 CET 2025 : Prix récupéré = 83825
Fri Mar 21 17:41:01 CET 2025 : Fin de l'exécution du scraper
Fri Mar 21 17:42:01 CET 2025 : Début de l'exécution du scraper
Fri Mar 21 17:42:01 CET 2025 : Prix récupéré = 83826
Fri Mar 21 17:42:01 CET 2025 : Fin de l'exécution du scraper
Fri Mar 21 17:43:01 CET 2025 : Début de l'exécution du scraper
Fri Mar 21 17:43:01 CET 2025 : Prix récupéré = 83817
Fri Mar 21 17:43:01 CET 2025 : Fin de l'exécution du scraper
Fri Mar 21 17:44:01 CET 2025 : Début de l'exécution du scraper
Fri Mar 21 17:44:01 CET 2025 : Prix récupéré = 83840
Fri Mar 21 17:44:01 CET 2025 : Fin de l'exécution du scraper
Fri Mar 21 17:45:01 CET 2025 : Début de l'exécution du scraper
Fri Mar 21 17:45:02 CET 2025 : Prix récupéré = 83837
Fri Mar 21 17:45:02 CET 2025 : Fin de l'exécution du scraper
Fri Mar 21 17:46:01 CET 2025 : Début de l'exécution du scraper
Fri Mar 21 17:46:01 CET 2025 : Prix récupéré = 83787
Fri Mar 21 17:46:01 CET 2025 : Fin de l'exécution du scraper
Fri Mar 21 17:47:01 CET 2025 : Début de l'exécution du scraper
Fri Mar 21 17:47:01 CET 2025 : Prix récupéré = 83772
Fri Mar 21 17:47:01 CET 2025 : Fin de l'exécution du scraper
Fri Mar 21 17:48:01 CET 2025 : Début de l'exécution du scraper
Fri Mar 21 17:48:01 CET 2025 : Prix récupéré = 83834
Fri Mar 21 17:48:01 CET 2025 : Fin de l'exécution du scraper
Fri Mar 21 17:49:01 CET 2025 : Début de l'exécution du scraper
Fri Mar 21 17:49:01 CET 2025 : Prix récupéré = 83895
Fri Mar 21 17:49:01 CET 2025 : Fin de l'exécution du scraper
Fri Mar 21 17:50:01 CET 2025 : Début de l'exécution du scraper
Fri Mar 21 17:50:01 CET 2025 : Prix récupéré = 83920
Fri Mar 21 17:50:01 CET 2025 : Fin de l'exécution du scraper
Fri Mar 21 17:51:01 CET 2025 : Début de l'exécution du scraper
Fri Mar 21 17:51:01 CET 2025 : Prix récupéré = 83998
Fri Mar 21 17:51:01 CET 2025 : Fin de l'exécution du scraper
Fri Mar 21 17:52:01 CET 2025 : Début de l'exécution du scraper
Fri Mar 21 17:52:02 CET 2025 : Prix récupéré = 83996
Fri Mar 21 17:52:02 CET 2025 : Fin de l'exécution du scraper
Fri Mar 21 17:53:01 CET 2025 : Début de l'exécution du scraper
Fri Mar 21 17:53:01 CET 2025 : Prix récupéré = 83991
Fri Mar 21 17:53:01 CET 2025 : Fin de l'exécution du scraper
Fri Mar 21 17:54:01 CET 2025 : Début de l'exécution du scraper
Fri Mar 21 17:54:01 CET 2025 : Prix récupéré = 83991
Fri Mar 21 17:54:01 CET 2025 : Fin de l'exécution du scraper
Fri Mar 21 17:55:01 CET 2025 : Début de l'exécution du scraper
Fri Mar 21 17:55:01 CET 2025 : Prix récupéré = 83985
Fri Mar 21 17:55:01 CET 2025 : Fin de l'exécution du scraper
Fri Mar 21 17:56:01 CET 2025 : Début de l'exécution du scraper
Fri Mar 21 17:56:02 CET 2025 : Prix récupéré = 83915
Fri Mar 21 17:56:02 CET 2025 : Fin de l'exécution du scraper
Fri Mar 21 17:57:01 CET 2025 : Début de l'exécution du scraper
Fri Mar 21 17:57:01 CET 2025 : Prix récupéré = 83925
Fri Mar 21 17:57:01 CET 2025 : Fin de l'exécution du scraper
Fri Mar 21 17:58:01 CET 2025 : Début de l'exécution du scraper
Fri Mar 21 17:58:01 CET 2025 : Prix récupéré = 83971
Fri Mar 21 17:58:01 CET 2025 : Fin de l'exécution du scraper
Fri Mar 21 17:59:01 CET 2025 : Début de l'exécution du scraper
Fri Mar 21 17:59:01 CET 2025 : Prix récupéré = 83966
Fri Mar 21 17:59:01 CET 2025 : Fin de l'exécution du scraper
Fri Mar 21 18:00:01 CET 2025 : Début de l'exécution du scraper
Fri Mar 21 18:00:01 CET 2025 : Prix récupéré = 84003
Fri Mar 21 18:00:01 CET 2025 : Fin de l'exécution du scraper
Fri Mar 21 18:01:01 CET 2025 : Début de l'exécution du scraper
Fri Mar 21 18:01:01 CET 2025 : Prix récupéré = 84073
Fri Mar 21 18:01:01 CET 2025 : Fin de l'exécution du scraper
Fri Mar 21 18:02:01 CET 2025 : Début de l'exécution du scraper
Fri Mar 21 18:02:01 CET 2025 : Prix récupéré = 84079
Fri Mar 21 18:02:01 CET 2025 : Fin de l'exécution du scraper
Fri Mar 21 18:03:01 CET 2025 : Début de l'exécution du scraper
Fri Mar 21 18:03:02 CET 2025 : Prix récupéré = 84005
Fri Mar 21 18:03:02 CET 2025 : Fin de l'exécution du scraper
Fri Mar 21 18:04:01 CET 2025 : Début de l'exécution du scraper
Fri Mar 21 18:04:01 CET 2025 : Prix récupéré = 83976
Fri Mar 21 18:04:01 CET 2025 : Fin de l'exécution du scraper
Fri Mar 21 18:05:01 CET 2025 : Début de l'exécution du scraper
Fri Mar 21 18:05:01 CET 2025 : Prix récupéré = 83942
Fri Mar 21 18:05:01 CET 2025 : Fin de l'exécution du scraper
Fri Mar 21 18:06:01 CET 2025 : Début de l'exécution du scraper
Fri Mar 21 18:06:01 CET 2025 : Prix récupéré = 83861
Fri Mar 21 18:06:01 CET 2025 : Fin de l'exécution du scraper
Fri Mar 21 18:07:01 CET 2025 : Début de l'exécution du scraper
Fri Mar 21 18:07:01 CET 2025 : Prix récupéré = 83849
Fri Mar 21 18:07:01 CET 2025 : Fin de l'exécution du scraper
Fri Mar 21 18:08:01 CET 2025 : Début de l'exécution du scraper
Fri Mar 21 18:08:01 CET 2025 : Prix récupéré = 83874
Fri Mar 21 18:08:01 CET 2025 : Fin de l'exécution du scraper
Fri Mar 21 18:09:01 CET 2025 : Début de l'exécution du scraper
Fri Mar 21 18:09:01 CET 2025 : Prix récupéré = 83892
Fri Mar 21 18:09:01 CET 2025 : Fin de l'exécution du scraper
Fri Mar 21 18:10:02 CET 2025 : Début de l'exécution du scraper
Fri Mar 21 18:10:02 CET 2025 : Prix récupéré = 83890
Fri Mar 21 18:10:02 CET 2025 : Fin de l'exécution du scraper
Fri Mar 21 18:11:01 CET 2025 : Début de l'exécution du scraper
Fri Mar 21 18:11:01 CET 2025 : Prix récupéré = 83890
Fri Mar 21 18:11:01 CET 2025 : Fin de l'exécution du scraper
Fri Mar 21 18:12:01 CET 2025 : Début de l'exécution du scraper
Fri Mar 21 18:12:01 CET 2025 : Prix récupéré = 83907
Fri Mar 21 18:12:01 CET 2025 : Fin de l'exécution du scraper
Fri Mar 21 18:13:01 CET 2025 : Début de l'exécution du scraper
Fri Mar 21 18:13:01 CET 2025 : Prix récupéré = 83914
Fri Mar 21 18:13:01 CET 2025 : Fin de l'exécution du scraper
Fri Mar 21 18:14:01 CET 2025 : Début de l'exécution du scraper
Fri Mar 21 18:14:02 CET 2025 : Prix récupéré = 83940
Fri Mar 21 18:14:02 CET 2025 : Fin de l'exécution du scraper
Fri Mar 21 18:15:01 CET 2025 : Début de l'exécution du scraper
Fri Mar 21 18:15:01 CET 2025 : Prix récupéré = 83920
Fri Mar 21 18:15:01 CET 2025 : Fin de l'exécution du scraper
Fri Mar 21 18:16:01 CET 2025 : Début de l'exécution du scraper
Fri Mar 21 18:16:01 CET 2025 : Prix récupéré = 83922
Fri Mar 21 18:16:01 CET 2025 : Fin de l'exécution du scraper
Fri Mar 21 18:17:01 CET 2025 : Début de l'exécution du scraper
Fri Mar 21 18:17:01 CET 2025 : Prix récupéré = 83888
Fri Mar 21 18:17:01 CET 2025 : Fin de l'exécution du scraper
Fri Mar 21 18:18:01 CET 2025 : Début de l'exécution du scraper
Fri Mar 21 18:18:01 CET 2025 : Prix récupéré = 83853
Fri Mar 21 18:18:01 CET 2025 : Fin de l'exécution du scraper
Fri Mar 21 18:19:01 CET 2025 : Début de l'exécution du scraper
Fri Mar 21 18:19:01 CET 2025 : Prix récupéré = 83851
Fri Mar 21 18:19:01 CET 2025 : Fin de l'exécution du scraper
Fri Mar 21 18:20:01 CET 2025 : Début de l'exécution du scraper
Fri Mar 21 18:20:02 CET 2025 : Prix récupéré = 83839
Fri Mar 21 18:20:02 CET 2025 : Fin de l'exécution du scraper
Fri Mar 21 18:21:01 CET 2025 : Début de l'exécution du scraper
Fri Mar 21 18:21:01 CET 2025 : Prix récupéré = 83840
Fri Mar 21 18:21:01 CET 2025 : Fin de l'exécution du scraper
Fri Mar 21 18:22:01 CET 2025 : Début de l'exécution du scraper
Fri Mar 21 18:22:01 CET 2025 : Prix récupéré = 83855
Fri Mar 21 18:22:01 CET 2025 : Fin de l'exécution du scraper
Fri Mar 21 18:23:01 CET 2025 : Début de l'exécution du scraper
Fri Mar 21 18:23:01 CET 2025 : Prix récupéré = 83874
Fri Mar 21 18:23:01 CET 2025 : Fin de l'exécution du scraper
Fri Mar 21 18:24:01 CET 2025 : Début de l'exécution du scraper
Fri Mar 21 18:24:01 CET 2025 : Prix récupéré = 83874
Fri Mar 21 18:24:01 CET 2025 : Fin de l'exécution du scraper
Fri Mar 21 18:25:01 CET 2025 : Début de l'exécution du scraper
Fri Mar 21 18:25:02 CET 2025 : Prix récupéré = 83904
Fri Mar 21 18:25:02 CET 2025 : Fin de l'exécution du scraper
Fri Mar 21 18:26:01 CET 2025 : Début de l'exécution du scraper
Fri Mar 21 18:26:01 CET 2025 : Prix récupéré = 83927
Fri Mar 21 18:26:01 CET 2025 : Fin de l'exécution du scraper
Fri Mar 21 18:27:01 CET 2025 : Début de l'exécution du scraper
Fri Mar 21 18:27:01 CET 2025 : Prix récupéré = 83902
Fri Mar 21 18:27:01 CET 2025 : Fin de l'exécution du scraper
Fri Mar 21 18:28:01 CET 2025 : Début de l'exécution du scraper
Fri Mar 21 18:28:01 CET 2025 : Prix récupéré = 83894
Fri Mar 21 18:28:01 CET 2025 : Fin de l'exécution du scraper
Fri Mar 21 18:29:01 CET 2025 : Début de l'exécution du scraper
Fri Mar 21 18:29:01 CET 2025 : Prix récupéré = 83846
Fri Mar 21 18:29:01 CET 2025 : Fin de l'exécution du scraper
Fri Mar 21 18:30:01 CET 2025 : Début de l'exécution du scraper
Fri Mar 21 18:30:01 CET 2025 : Prix récupéré = 83836
Fri Mar 21 18:30:01 CET 2025 : Fin de l'exécution du scraper
Fri Mar 21 18:31:01 CET 2025 : Début de l'exécution du scraper
Fri Mar 21 18:31:02 CET 2025 : Prix récupéré = 83740
Fri Mar 21 18:31:02 CET 2025 : Fin de l'exécution du scraper
Fri Mar 21 18:32:01 CET 2025 : Début de l'exécution du scraper
Fri Mar 21 18:32:01 CET 2025 : Prix récupéré = 83759
Fri Mar 21 18:32:01 CET 2025 : Fin de l'exécution du scraper
Fri Mar 21 18:33:01 CET 2025 : Début de l'exécution du scraper
Fri Mar 21 18:33:01 CET 2025 : Prix récupéré = 83767
Fri Mar 21 18:33:01 CET 2025 : Fin de l'exécution du scraper
Fri Mar 21 18:34:01 CET 2025 : Début de l'exécution du scraper
Fri Mar 21 18:34:01 CET 2025 : Prix récupéré = 83748
Fri Mar 21 18:34:01 CET 2025 : Fin de l'exécution du scraper
Fri Mar 21 18:35:01 CET 2025 : Début de l'exécution du scraper
Fri Mar 21 18:35:01 CET 2025 : Prix récupéré = 83725
Fri Mar 21 18:35:01 CET 2025 : Fin de l'exécution du scraper
Fri Mar 21 18:36:01 CET 2025 : Début de l'exécution du scraper
Fri Mar 21 18:36:01 CET 2025 : Prix récupéré = 83730
Fri Mar 21 18:36:01 CET 2025 : Fin de l'exécution du scraper
Fri Mar 21 18:37:01 CET 2025 : Début de l'exécution du scraper
Fri Mar 21 18:37:01 CET 2025 : Prix récupéré = 83762
Fri Mar 21 18:37:01 CET 2025 : Fin de l'exécution du scraper
Fri Mar 21 18:38:01 CET 2025 : Début de l'exécution du scraper
Fri Mar 21 18:38:02 CET 2025 : Prix récupéré = 83787
Fri Mar 21 18:38:02 CET 2025 : Fin de l'exécution du scraper
Fri Mar 21 18:39:01 CET 2025 : Début de l'exécution du scraper
Fri Mar 21 18:39:01 CET 2025 : Prix récupéré = 83835
Fri Mar 21 18:39:01 CET 2025 : Fin de l'exécution du scraper
Fri Mar 21 18:40:01 CET 2025 : Début de l'exécution du scraper
Fri Mar 21 18:40:01 CET 2025 : Prix récupéré = 83835
Fri Mar 21 18:40:01 CET 2025 : Fin de l'exécution du scraper
Fri Mar 21 18:41:01 CET 2025 : Début de l'exécution du scraper
Fri Mar 21 18:41:01 CET 2025 : Prix récupéré = 83900
Fri Mar 21 18:41:01 CET 2025 : Fin de l'exécution du scraper
Fri Mar 21 18:42:01 CET 2025 : Début de l'exécution du scraper
Fri Mar 21 18:42:01 CET 2025 : Prix récupéré = 83910
Fri Mar 21 18:42:01 CET 2025 : Fin de l'exécution du scraper
Fri Mar 21 18:43:01 CET 2025 : Début de l'exécution du scraper
Fri Mar 21 18:43:01 CET 2025 : Prix récupéré = 83941
Fri Mar 21 18:43:01 CET 2025 : Fin de l'exécution du scraper
Fri Mar 21 18:44:01 CET 2025 : Début de l'exécution du scraper
Fri Mar 21 18:44:01 CET 2025 : Prix récupéré = 83946
Fri Mar 21 18:44:01 CET 2025 : Fin de l'exécution du scraper
Fri Mar 21 18:45:01 CET 2025 : Début de l'exécution du scraper
Fri Mar 21 18:45:01 CET 2025 : Prix récupéré = 83963
Fri Mar 21 18:45:01 CET 2025 : Fin de l'exécution du scraper
Fri Mar 21 18:46:01 CET 2025 : Début de l'exécution du scraper
Fri Mar 21 18:46:01 CET 2025 : Prix récupéré = 84013
Fri Mar 21 18:46:01 CET 2025 : Fin de l'exécution du scraper
Fri Mar 21 18:47:01 CET 2025 : Début de l'exécution du scraper
Fri Mar 21 18:47:01 CET 2025 : Prix récupéré = 84037
Fri Mar 21 18:47:01 CET 2025 : Fin de l'exécution du scraper
Fri Mar 21 18:48:01 CET 2025 : Début de l'exécution du scraper
Fri Mar 21 18:48:01 CET 2025 : Prix récupéré = 84070
Fri Mar 21 18:48:01 CET 2025 : Fin de l'exécution du scraper
Fri Mar 21 18:49:01 CET 2025 : Début de l'exécution du scraper
Fri Mar 21 18:49:01 CET 2025 : Prix récupéré = 84086
Fri Mar 21 18:49:01 CET 2025 : Fin de l'exécution du scraper
Fri Mar 21 18:50:01 CET 2025 : Début de l'exécution du scraper
Fri Mar 21 18:50:01 CET 2025 : Prix récupéré = 84112
Fri Mar 21 18:50:01 CET 2025 : Fin de l'exécution du scraper
Fri Mar 21 18:51:01 CET 2025 : Début de l'exécution du scraper
Fri Mar 21 18:51:02 CET 2025 : Prix récupéré = 84113
Fri Mar 21 18:51:02 CET 2025 : Fin de l'exécution du scraper
Fri Mar 21 18:52:01 CET 2025 : Début de l'exécution du scraper
Fri Mar 21 18:52:01 CET 2025 : Prix récupéré = 84102
Fri Mar 21 18:52:01 CET 2025 : Fin de l'exécution du scraper
Fri Mar 21 18:53:01 CET 2025 : Début de l'exécution du scraper
Fri Mar 21 18:53:01 CET 2025 : Prix récupéré = 84105
Fri Mar 21 18:53:01 CET 2025 : Fin de l'exécution du scraper
Fri Mar 21 18:54:01 CET 2025 : Début de l'exécution du scraper
Fri Mar 21 18:54:01 CET 2025 : Prix récupéré = 84097
Fri Mar 21 18:54:01 CET 2025 : Fin de l'exécution du scraper
Fri Mar 21 18:55:01 CET 2025 : Début de l'exécution du scraper
Fri Mar 21 18:55:01 CET 2025 : Prix récupéré = 84084
Fri Mar 21 18:55:01 CET 2025 : Fin de l'exécution du scraper
Fri Mar 21 18:56:01 CET 2025 : Début de l'exécution du scraper
Fri Mar 21 18:56:01 CET 2025 : Prix récupéré = 84078
Fri Mar 21 18:56:01 CET 2025 : Fin de l'exécution du scraper
Fri Mar 21 18:57:01 CET 2025 : Début de l'exécution du scraper
Fri Mar 21 18:57:01 CET 2025 : Prix récupéré = 84029
Fri Mar 21 18:57:01 CET 2025 : Fin de l'exécution du scraper
Fri Mar 21 18:58:02 CET 2025 : Début de l'exécution du scraper
Fri Mar 21 18:58:02 CET 2025 : Prix récupéré = 84017
Fri Mar 21 18:58:02 CET 2025 : Fin de l'exécution du scraper
Fri Mar 21 18:59:01 CET 2025 : Début de l'exécution du scraper
Fri Mar 21 18:59:01 CET 2025 : Prix récupéré = 84006
Fri Mar 21 18:59:01 CET 2025 : Fin de l'exécution du scraper
Fri Mar 21 19:00:01 CET 2025 : Début de l'exécution du scraper
Fri Mar 21 19:00:01 CET 2025 : Prix récupéré = 84006
Fri Mar 21 19:00:01 CET 2025 : Fin de l'exécution du scraper
Fri Mar 21 19:01:01 CET 2025 : Début de l'exécution du scraper
Fri Mar 21 19:01:02 CET 2025 : Prix récupéré = 83998
Fri Mar 21 19:01:02 CET 2025 : Fin de l'exécution du scraper
Fri Mar 21 19:02:01 CET 2025 : Début de l'exécution du scraper
Fri Mar 21 19:02:01 CET 2025 : Prix récupéré = 83987
Fri Mar 21 19:02:01 CET 2025 : Fin de l'exécution du scraper
Fri Mar 21 19:03:01 CET 2025 : Début de l'exécution du scraper
Fri Mar 21 19:03:01 CET 2025 : Prix récupéré = 83979
Fri Mar 21 19:03:01 CET 2025 : Fin de l'exécution du scraper
Fri Mar 21 19:04:01 CET 2025 : Début de l'exécution du scraper
Fri Mar 21 19:04:01 CET 2025 : Prix récupéré = 83976
Fri Mar 21 19:04:01 CET 2025 : Fin de l'exécution du scraper
Fri Mar 21 19:05:01 CET 2025 : Début de l'exécution du scraper
Fri Mar 21 19:05:01 CET 2025 : Prix récupéré = 83964
Fri Mar 21 19:05:01 CET 2025 : Fin de l'exécution du scraper
Fri Mar 21 19:06:01 CET 2025 : Début de l'exécution du scraper
Fri Mar 21 19:06:01 CET 2025 : Prix récupéré = 83973
Fri Mar 21 19:06:01 CET 2025 : Fin de l'exécution du scraper
Fri Mar 21 19:07:01 CET 2025 : Début de l'exécution du scraper
Fri Mar 21 19:07:01 CET 2025 : Prix récupéré = 84005
Fri Mar 21 19:07:01 CET 2025 : Fin de l'exécution du scraper
Fri Mar 21 19:08:01 CET 2025 : Début de l'exécution du scraper
Fri Mar 21 19:08:02 CET 2025 : Prix récupéré = 83985
Fri Mar 21 19:08:02 CET 2025 : Fin de l'exécution du scraper
Fri Mar 21 19:09:01 CET 2025 : Début de l'exécution du scraper
Fri Mar 21 19:09:01 CET 2025 : Prix récupéré = 83947
Fri Mar 21 19:09:01 CET 2025 : Fin de l'exécution du scraper
Fri Mar 21 19:10:01 CET 2025 : Début de l'exécution du scraper
Fri Mar 21 19:10:01 CET 2025 : Prix récupéré = 83878
Fri Mar 21 19:10:01 CET 2025 : Fin de l'exécution du scraper
Fri Mar 21 19:11:01 CET 2025 : Début de l'exécution du scraper
Fri Mar 21 19:11:01 CET 2025 : Prix récupéré = 83902
Fri Mar 21 19:11:01 CET 2025 : Fin de l'exécution du scraper
Fri Mar 21 19:12:01 CET 2025 : Début de l'exécution du scraper
Fri Mar 21 19:12:01 CET 2025 : Prix récupéré = 83933
Fri Mar 21 19:12:01 CET 2025 : Fin de l'exécution du scraper
Fri Mar 21 19:13:01 CET 2025 : Début de l'exécution du scraper
Fri Mar 21 19:13:01 CET 2025 : Prix récupéré = 83920
Fri Mar 21 19:13:01 CET 2025 : Fin de l'exécution du scraper
Fri Mar 21 19:14:01 CET 2025 : Début de l'exécution du scraper
Fri Mar 21 19:14:01 CET 2025 : Prix récupéré = 83914
Fri Mar 21 19:14:01 CET 2025 : Fin de l'exécution du scraper
Fri Mar 21 19:15:01 CET 2025 : Début de l'exécution du scraper
Fri Mar 21 19:15:02 CET 2025 : Prix récupéré = 83921
Fri Mar 21 19:15:02 CET 2025 : Fin de l'exécution du scraper
Fri Mar 21 19:16:01 CET 2025 : Début de l'exécution du scraper
Fri Mar 21 19:16:01 CET 2025 : Prix récupéré = 83902
Fri Mar 21 19:16:01 CET 2025 : Fin de l'exécution du scraper
Fri Mar 21 19:17:01 CET 2025 : Début de l'exécution du scraper
Fri Mar 21 19:17:01 CET 2025 : Prix récupéré = 83894
Fri Mar 21 19:17:01 CET 2025 : Fin de l'exécution du scraper
Fri Mar 21 19:18:01 CET 2025 : Début de l'exécution du scraper
Fri Mar 21 19:18:01 CET 2025 : Prix récupéré = 83894
Fri Mar 21 19:18:01 CET 2025 : Fin de l'exécution du scraper
Fri Mar 21 19:19:01 CET 2025 : Début de l'exécution du scraper
Fri Mar 21 19:19:01 CET 2025 : Prix récupéré = 83906
Fri Mar 21 19:19:01 CET 2025 : Fin de l'exécution du scraper
Fri Mar 21 19:20:01 CET 2025 : Début de l'exécution du scraper
Fri Mar 21 19:20:01 CET 2025 : Prix récupéré = 83993
Fri Mar 21 19:20:01 CET 2025 : Fin de l'exécution du scraper
Fri Mar 21 19:21:01 CET 2025 : Début de l'exécution du scraper
Fri Mar 21 19:21:02 CET 2025 : Prix récupéré = 84002
Fri Mar 21 19:21:02 CET 2025 : Fin de l'exécution du scraper
Fri Mar 21 19:22:01 CET 2025 : Début de l'exécution du scraper
Fri Mar 21 19:22:01 CET 2025 : Prix récupéré = 84016
Fri Mar 21 19:22:01 CET 2025 : Fin de l'exécution du scraper
Fri Mar 21 19:23:01 CET 2025 : Début de l'exécution du scraper
Fri Mar 21 19:23:01 CET 2025 : Prix récupéré = 83988
Fri Mar 21 19:23:01 CET 2025 : Fin de l'exécution du scraper
Fri Mar 21 19:24:01 CET 2025 : Début de l'exécution du scraper
Fri Mar 21 19:24:01 CET 2025 : Prix récupéré = 83983
Fri Mar 21 19:24:01 CET 2025 : Fin de l'exécution du scraper
Fri Mar 21 19:25:01 CET 2025 : Début de l'exécution du scraper
Fri Mar 21 19:25:01 CET 2025 : Prix récupéré = 83999
Fri Mar 21 19:25:01 CET 2025 : Fin de l'exécution du scraper
Fri Mar 21 19:26:01 CET 2025 : Début de l'exécution du scraper
Fri Mar 21 19:26:01 CET 2025 : Prix récupéré = 83997
Fri Mar 21 19:26:01 CET 2025 : Fin de l'exécution du scraper
Fri Mar 21 19:27:01 CET 2025 : Début de l'exécution du scraper
Fri Mar 21 19:27:01 CET 2025 : Prix récupéré = 84002
Fri Mar 21 19:27:01 CET 2025 : Fin de l'exécution du scraper
Fri Mar 21 19:28:01 CET 2025 : Début de l'exécution du scraper
Fri Mar 21 19:28:02 CET 2025 : Prix récupéré = 84013
Fri Mar 21 19:28:02 CET 2025 : Fin de l'exécution du scraper
Fri Mar 21 19:29:01 CET 2025 : Début de l'exécution du scraper
Fri Mar 21 19:29:01 CET 2025 : Prix récupéré = 84036
Fri Mar 21 19:29:01 CET 2025 : Fin de l'exécution du scraper
Fri Mar 21 19:30:01 CET 2025 : Début de l'exécution du scraper
Fri Mar 21 19:30:01 CET 2025 : Prix récupéré = 84044
Fri Mar 21 19:30:01 CET 2025 : Fin de l'exécution du scraper
Fri Mar 21 19:31:01 CET 2025 : Début de l'exécution du scraper
Fri Mar 21 19:31:01 CET 2025 : Prix récupéré = 84058
Fri Mar 21 19:31:01 CET 2025 : Fin de l'exécution du scraper
Fri Mar 21 19:32:01 CET 2025 : Début de l'exécution du scraper
Fri Mar 21 19:32:01 CET 2025 : Prix récupéré = 84088
Fri Mar 21 19:32:01 CET 2025 : Fin de l'exécution du scraper
Fri Mar 21 19:33:01 CET 2025 : Début de l'exécution du scraper
Fri Mar 21 19:33:01 CET 2025 : Prix récupéré = 84112
Fri Mar 21 19:33:01 CET 2025 : Fin de l'exécution du scraper
Fri Mar 21 19:34:01 CET 2025 : Début de l'exécution du scraper
Fri Mar 21 19:34:01 CET 2025 : Prix récupéré = 84165
Fri Mar 21 19:34:01 CET 2025 : Fin de l'exécution du scraper
Fri Mar 21 19:35:01 CET 2025 : Début de l'exécution du scraper
Fri Mar 21 19:35:01 CET 2025 : Prix récupéré = 84182
Fri Mar 21 19:35:01 CET 2025 : Fin de l'exécution du scraper
Fri Mar 21 19:36:01 CET 2025 : Début de l'exécution du scraper
Fri Mar 21 19:36:02 CET 2025 : Prix récupéré = 84204
Fri Mar 21 19:36:02 CET 2025 : Fin de l'exécution du scraper
Fri Mar 21 19:37:01 CET 2025 : Début de l'exécution du scraper
Fri Mar 21 19:37:01 CET 2025 : Prix récupéré = 84204
Fri Mar 21 19:37:01 CET 2025 : Fin de l'exécution du scraper
Fri Mar 21 19:38:01 CET 2025 : Début de l'exécution du scraper
Fri Mar 21 19:38:01 CET 2025 : Prix récupéré = 84231
Fri Mar 21 19:38:01 CET 2025 : Fin de l'exécution du scraper
Fri Mar 21 19:39:01 CET 2025 : Début de l'exécution du scraper
Fri Mar 21 19:39:01 CET 2025 : Prix récupéré = 84224
Fri Mar 21 19:39:01 CET 2025 : Fin de l'exécution du scraper
Fri Mar 21 19:40:01 CET 2025 : Début de l'exécution du scraper
Fri Mar 21 19:40:01 CET 2025 : Prix récupéré = 84250
Fri Mar 21 19:40:01 CET 2025 : Fin de l'exécution du scraper
Fri Mar 21 19:41:01 CET 2025 : Début de l'exécution du scraper
Fri Mar 21 19:41:01 CET 2025 : Prix récupéré = 84295
Fri Mar 21 19:41:01 CET 2025 : Fin de l'exécution du scraper
Fri Mar 21 19:42:02 CET 2025 : Début de l'exécution du scraper
Fri Mar 21 19:42:02 CET 2025 : Prix récupéré = 84414
Fri Mar 21 19:42:02 CET 2025 : Fin de l'exécution du scraper
Fri Mar 21 19:43:01 CET 2025 : Début de l'exécution du scraper
Fri Mar 21 19:43:01 CET 2025 : Prix récupéré = 84384
Fri Mar 21 19:43:01 CET 2025 : Fin de l'exécution du scraper
Fri Mar 21 19:44:01 CET 2025 : Début de l'exécution du scraper
Fri Mar 21 19:44:01 CET 2025 : Prix récupéré = 84335
Fri Mar 21 19:44:01 CET 2025 : Fin de l'exécution du scraper
Fri Mar 21 19:45:01 CET 2025 : Début de l'exécution du scraper
Fri Mar 21 19:45:01 CET 2025 : Prix récupéré = 84292
Fri Mar 21 19:45:01 CET 2025 : Fin de l'exécution du scraper
Fri Mar 21 19:46:01 CET 2025 : Début de l'exécution du scraper
Fri Mar 21 19:46:01 CET 2025 : Prix récupéré = 84284
Fri Mar 21 19:46:01 CET 2025 : Fin de l'exécution du scraper
Fri Mar 21 19:47:01 CET 2025 : Début de l'exécution du scraper
Fri Mar 21 19:47:01 CET 2025 : Prix récupéré = 84271
Fri Mar 21 19:47:01 CET 2025 : Fin de l'exécution du scraper
Fri Mar 21 19:48:01 CET 2025 : Début de l'exécution du scraper
Fri Mar 21 19:48:02 CET 2025 : Prix récupéré = 84256
Fri Mar 21 19:48:02 CET 2025 : Fin de l'exécution du scraper
Fri Mar 21 19:49:01 CET 2025 : Début de l'exécution du scraper
Fri Mar 21 19:49:01 CET 2025 : Prix récupéré = 84230
Fri Mar 21 19:49:01 CET 2025 : Fin de l'exécution du scraper
Fri Mar 21 19:50:01 CET 2025 : Début de l'exécution du scraper
Fri Mar 21 19:50:01 CET 2025 : Prix récupéré = 84173
Fri Mar 21 19:50:01 CET 2025 : Fin de l'exécution du scraper
Fri Mar 21 19:51:01 CET 2025 : Début de l'exécution du scraper
Fri Mar 21 19:51:01 CET 2025 : Prix récupéré = 84179
Fri Mar 21 19:51:01 CET 2025 : Fin de l'exécution du scraper
Fri Mar 21 19:52:01 CET 2025 : Début de l'exécution du scraper
Fri Mar 21 19:52:01 CET 2025 : Prix récupéré = 84136
Fri Mar 21 19:52:01 CET 2025 : Fin de l'exécution du scraper
Fri Mar 21 19:53:01 CET 2025 : Début de l'exécution du scraper
Fri Mar 21 19:53:02 CET 2025 : Prix récupéré = 84125
Fri Mar 21 19:53:02 CET 2025 : Fin de l'exécution du scraper
Fri Mar 21 19:54:01 CET 2025 : Début de l'exécution du scraper
Fri Mar 21 19:54:01 CET 2025 : Prix récupéré = 84125
Fri Mar 21 19:54:01 CET 2025 : Fin de l'exécution du scraper
Fri Mar 21 19:55:01 CET 2025 : Début de l'exécution du scraper
Fri Mar 21 19:55:01 CET 2025 : Prix récupéré = 84123
Fri Mar 21 19:55:01 CET 2025 : Fin de l'exécution du scraper
Fri Mar 21 19:56:01 CET 2025 : Début de l'exécution du scraper
Fri Mar 21 19:56:01 CET 2025 : Prix récupéré = 84105
Fri Mar 21 19:56:01 CET 2025 : Fin de l'exécution du scraper
Fri Mar 21 19:57:01 CET 2025 : Début de l'exécution du scraper
Fri Mar 21 19:57:01 CET 2025 : Prix récupéré = 84057
Fri Mar 21 19:57:01 CET 2025 : Fin de l'exécution du scraper
Fri Mar 21 19:58:01 CET 2025 : Début de l'exécution du scraper
Fri Mar 21 19:58:01 CET 2025 : Prix récupéré = 84082
Fri Mar 21 19:58:01 CET 2025 : Fin de l'exécution du scraper
Fri Mar 21 19:59:01 CET 2025 : Début de l'exécution du scraper
Fri Mar 21 19:59:01 CET 2025 : Prix récupéré = 84106
Fri Mar 21 19:59:01 CET 2025 : Fin de l'exécution du scraper
Fri Mar 21 20:00:02 CET 2025 : Début de l'exécution du scraper
Fri Mar 21 20:00:02 CET 2025 : Prix récupéré = 84133
Fri Mar 21 20:00:02 CET 2025 : Fin de l'exécution du scraper
Fri Mar 21 20:01:01 CET 2025 : Début de l'exécution du scraper
Fri Mar 21 20:01:01 CET 2025 : Prix récupéré = 84115
Fri Mar 21 20:01:01 CET 2025 : Fin de l'exécution du scraper
Fri Mar 21 20:02:01 CET 2025 : Début de l'exécution du scraper
Fri Mar 21 20:02:01 CET 2025 : Prix récupéré = 84086
Fri Mar 21 20:02:01 CET 2025 : Fin de l'exécution du scraper
Fri Mar 21 20:03:01 CET 2025 : Début de l'exécution du scraper
Fri Mar 21 20:03:01 CET 2025 : Prix récupéré = 84046
Fri Mar 21 20:03:01 CET 2025 : Fin de l'exécution du scraper
Fri Mar 21 20:04:01 CET 2025 : Début de l'exécution du scraper
Fri Mar 21 20:04:01 CET 2025 : Prix récupéré = 84015
Fri Mar 21 20:04:01 CET 2025 : Fin de l'exécution du scraper
Fri Mar 21 20:05:01 CET 2025 : Début de l'exécution du scraper
Fri Mar 21 20:05:02 CET 2025 : Prix récupéré = 84004
Fri Mar 21 20:05:02 CET 2025 : Fin de l'exécution du scraper
Fri Mar 21 20:06:01 CET 2025 : Début de l'exécution du scraper
Fri Mar 21 20:06:01 CET 2025 : Prix récupéré = 83945
Fri Mar 21 20:06:01 CET 2025 : Fin de l'exécution du scraper
Fri Mar 21 20:07:01 CET 2025 : Début de l'exécution du scraper
Fri Mar 21 20:07:01 CET 2025 : Prix récupéré = 83963
Fri Mar 21 20:07:01 CET 2025 : Fin de l'exécution du scraper
Fri Mar 21 20:08:01 CET 2025 : Début de l'exécution du scraper
Fri Mar 21 20:08:01 CET 2025 : Prix récupéré = 83987
Fri Mar 21 20:08:01 CET 2025 : Fin de l'exécution du scraper
Fri Mar 21 20:09:01 CET 2025 : Début de l'exécution du scraper
Fri Mar 21 20:09:01 CET 2025 : Prix récupéré = 83987
Fri Mar 21 20:09:01 CET 2025 : Fin de l'exécution du scraper
Fri Mar 21 20:10:01 CET 2025 : Début de l'exécution du scraper
Fri Mar 21 20:10:01 CET 2025 : Prix récupéré = 83956
Fri Mar 21 20:10:01 CET 2025 : Fin de l'exécution du scraper
Fri Mar 21 20:11:01 CET 2025 : Début de l'exécution du scraper
Fri Mar 21 20:11:02 CET 2025 : Prix récupéré = 83947
Fri Mar 21 20:11:02 CET 2025 : Fin de l'exécution du scraper
Fri Mar 21 20:12:01 CET 2025 : Début de l'exécution du scraper
Fri Mar 21 20:12:01 CET 2025 : Prix récupéré = 83947
Fri Mar 21 20:12:01 CET 2025 : Fin de l'exécution du scraper
Fri Mar 21 20:13:01 CET 2025 : Début de l'exécution du scraper
Fri Mar 21 20:13:01 CET 2025 : Prix récupéré = 83945
Fri Mar 21 20:13:01 CET 2025 : Fin de l'exécution du scraper
Fri Mar 21 20:14:01 CET 2025 : Début de l'exécution du scraper
Fri Mar 21 20:14:01 CET 2025 : Prix récupéré = 83979
Fri Mar 21 20:14:01 CET 2025 : Fin de l'exécution du scraper
Fri Mar 21 20:15:01 CET 2025 : Début de l'exécution du scraper
Fri Mar 21 20:15:01 CET 2025 : Prix récupéré = 83974
Fri Mar 21 20:15:01 CET 2025 : Fin de l'exécution du scraper
Fri Mar 21 20:16:01 CET 2025 : Début de l'exécution du scraper
Fri Mar 21 20:16:01 CET 2025 : Prix récupéré = 83970
Fri Mar 21 20:16:01 CET 2025 : Fin de l'exécution du scraper
Fri Mar 21 20:17:01 CET 2025 : Début de l'exécution du scraper
Fri Mar 21 20:17:01 CET 2025 : Prix récupéré = 83981
Fri Mar 21 20:17:01 CET 2025 : Fin de l'exécution du scraper
Fri Mar 21 20:18:01 CET 2025 : Début de l'exécution du scraper
Fri Mar 21 20:18:01 CET 2025 : Prix récupéré = 84013
Fri Mar 21 20:18:01 CET 2025 : Fin de l'exécution du scraper
Fri Mar 21 20:19:02 CET 2025 : Début de l'exécution du scraper
Fri Mar 21 20:19:02 CET 2025 : Prix récupéré = 84070
Fri Mar 21 20:19:02 CET 2025 : Fin de l'exécution du scraper
Fri Mar 21 20:20:01 CET 2025 : Début de l'exécution du scraper
Fri Mar 21 20:20:01 CET 2025 : Prix récupéré = 84069
Fri Mar 21 20:20:01 CET 2025 : Fin de l'exécution du scraper
Fri Mar 21 20:21:01 CET 2025 : Début de l'exécution du scraper
Fri Mar 21 20:21:01 CET 2025 : Prix récupéré = 84089
Fri Mar 21 20:21:01 CET 2025 : Fin de l'exécution du scraper
Fri Mar 21 20:22:01 CET 2025 : Début de l'exécution du scraper
Fri Mar 21 20:22:01 CET 2025 : Prix récupéré = 84085
Fri Mar 21 20:22:01 CET 2025 : Fin de l'exécution du scraper
Fri Mar 21 20:23:01 CET 2025 : Début de l'exécution du scraper
Fri Mar 21 20:23:01 CET 2025 : Prix récupéré = 84062
Fri Mar 21 20:23:01 CET 2025 : Fin de l'exécution du scraper
Fri Mar 21 20:24:01 CET 2025 : Début de l'exécution du scraper
Fri Mar 21 20:24:01 CET 2025 : Prix récupéré = 84053
Fri Mar 21 20:24:01 CET 2025 : Fin de l'exécution du scraper
Fri Mar 21 20:25:01 CET 2025 : Début de l'exécution du scraper
Fri Mar 21 20:25:01 CET 2025 : Prix récupéré = 84061
Fri Mar 21 20:25:01 CET 2025 : Fin de l'exécution du scraper
Fri Mar 21 20:26:02 CET 2025 : Début de l'exécution du scraper
Fri Mar 21 20:26:02 CET 2025 : Prix récupéré = 84082
Fri Mar 21 20:26:02 CET 2025 : Fin de l'exécution du scraper
Fri Mar 21 20:27:01 CET 2025 : Début de l'exécution du scraper
Fri Mar 21 20:27:01 CET 2025 : Prix récupéré = 84110
Fri Mar 21 20:27:01 CET 2025 : Fin de l'exécution du scraper
Fri Mar 21 20:28:01 CET 2025 : Début de l'exécution du scraper
Fri Mar 21 20:28:01 CET 2025 : Prix récupéré = 84105
Fri Mar 21 20:28:01 CET 2025 : Fin de l'exécution du scraper
Fri Mar 21 20:29:01 CET 2025 : Début de l'exécution du scraper
Fri Mar 21 20:29:01 CET 2025 : Prix récupéré = 84028
Fri Mar 21 20:29:01 CET 2025 : Fin de l'exécution du scraper
Fri Mar 21 20:30:01 CET 2025 : Début de l'exécution du scraper
Fri Mar 21 20:30:01 CET 2025 : Prix récupéré = 84021
Fri Mar 21 20:30:01 CET 2025 : Fin de l'exécution du scraper
Fri Mar 21 20:31:01 CET 2025 : Début de l'exécution du scraper
Fri Mar 21 20:31:02 CET 2025 : Prix récupéré = 83986
Fri Mar 21 20:31:02 CET 2025 : Fin de l'exécution du scraper
Fri Mar 21 20:32:01 CET 2025 : Début de l'exécution du scraper
Fri Mar 21 20:32:01 CET 2025 : Prix récupéré = 83986
Fri Mar 21 20:32:01 CET 2025 : Fin de l'exécution du scraper
Fri Mar 21 20:33:01 CET 2025 : Début de l'exécution du scraper
Fri Mar 21 20:33:01 CET 2025 : Prix récupéré = 83964
Fri Mar 21 20:33:01 CET 2025 : Fin de l'exécution du scraper
Fri Mar 21 20:34:01 CET 2025 : Début de l'exécution du scraper
Fri Mar 21 20:34:01 CET 2025 : Prix récupéré = 83973
Fri Mar 21 20:34:01 CET 2025 : Fin de l'exécution du scraper
Fri Mar 21 20:35:01 CET 2025 : Début de l'exécution du scraper
Fri Mar 21 20:35:01 CET 2025 : Prix récupéré = 83994
Fri Mar 21 20:35:01 CET 2025 : Fin de l'exécution du scraper
Fri Mar 21 20:36:01 CET 2025 : Début de l'exécution du scraper
Fri Mar 21 20:36:02 CET 2025 : Prix récupéré = 83997
Fri Mar 21 20:36:02 CET 2025 : Fin de l'exécution du scraper
Fri Mar 21 20:37:01 CET 2025 : Début de l'exécution du scraper
Fri Mar 21 20:37:01 CET 2025 : Prix récupéré = 83979
Fri Mar 21 20:37:01 CET 2025 : Fin de l'exécution du scraper
Fri Mar 21 20:38:01 CET 2025 : Début de l'exécution du scraper
Fri Mar 21 20:38:01 CET 2025 : Prix récupéré = 83922
Fri Mar 21 20:38:01 CET 2025 : Fin de l'exécution du scraper
Fri Mar 21 20:39:01 CET 2025 : Début de l'exécution du scraper
Fri Mar 21 20:39:01 CET 2025 : Prix récupéré = 83901
Fri Mar 21 20:39:01 CET 2025 : Fin de l'exécution du scraper
Fri Mar 21 20:40:01 CET 2025 : Début de l'exécution du scraper
Fri Mar 21 20:40:01 CET 2025 : Prix récupéré = 83885
Fri Mar 21 20:40:01 CET 2025 : Fin de l'exécution du scraper
Fri Mar 21 20:41:01 CET 2025 : Début de l'exécution du scraper
Fri Mar 21 20:41:01 CET 2025 : Prix récupéré = 83890
Fri Mar 21 20:41:01 CET 2025 : Fin de l'exécution du scraper
Fri Mar 21 20:42:01 CET 2025 : Début de l'exécution du scraper
Fri Mar 21 20:42:01 CET 2025 : Prix récupéré = 83831
Fri Mar 21 20:42:02 CET 2025 : Fin de l'exécution du scraper
Fri Mar 21 20:43:01 CET 2025 : Début de l'exécution du scraper
Fri Mar 21 20:43:01 CET 2025 : Prix récupéré = 83822
Fri Mar 21 20:43:01 CET 2025 : Fin de l'exécution du scraper
Fri Mar 21 20:44:01 CET 2025 : Début de l'exécution du scraper
Fri Mar 21 20:44:01 CET 2025 : Prix récupéré = 83770
Fri Mar 21 20:44:01 CET 2025 : Fin de l'exécution du scraper
Fri Mar 21 20:45:01 CET 2025 : Début de l'exécution du scraper
Fri Mar 21 20:45:01 CET 2025 : Prix récupéré = 83768
Fri Mar 21 20:45:01 CET 2025 : Fin de l'exécution du scraper
Fri Mar 21 20:46:01 CET 2025 : Début de l'exécution du scraper
Fri Mar 21 20:46:01 CET 2025 : Prix récupéré = 83806
Fri Mar 21 20:46:01 CET 2025 : Fin de l'exécution du scraper
Fri Mar 21 20:47:01 CET 2025 : Début de l'exécution du scraper
Fri Mar 21 20:47:01 CET 2025 : Prix récupéré = 83831
Fri Mar 21 20:47:01 CET 2025 : Fin de l'exécution du scraper
Fri Mar 21 20:48:01 CET 2025 : Début de l'exécution du scraper
Fri Mar 21 20:48:01 CET 2025 : Prix récupéré = 83865
Fri Mar 21 20:48:01 CET 2025 : Fin de l'exécution du scraper
Fri Mar 21 20:49:01 CET 2025 : Début de l'exécution du scraper
Fri Mar 21 20:49:02 CET 2025 : Prix récupéré = 83885
Fri Mar 21 20:49:02 CET 2025 : Fin de l'exécution du scraper
Fri Mar 21 20:50:01 CET 2025 : Début de l'exécution du scraper
Fri Mar 21 20:50:01 CET 2025 : Prix récupéré = 83885
Fri Mar 21 20:50:01 CET 2025 : Fin de l'exécution du scraper
Fri Mar 21 20:51:01 CET 2025 : Début de l'exécution du scraper
Fri Mar 21 20:51:01 CET 2025 : Prix récupéré = 83894
Fri Mar 21 20:51:01 CET 2025 : Fin de l'exécution du scraper
Fri Mar 21 20:52:01 CET 2025 : Début de l'exécution du scraper
Fri Mar 21 20:52:01 CET 2025 : Prix récupéré = 83881
Fri Mar 21 20:52:01 CET 2025 : Fin de l'exécution du scraper
Fri Mar 21 20:53:01 CET 2025 : Début de l'exécution du scraper
Fri Mar 21 20:53:01 CET 2025 : Prix récupéré = 83911
Fri Mar 21 20:53:01 CET 2025 : Fin de l'exécution du scraper
Fri Mar 21 20:54:01 CET 2025 : Début de l'exécution du scraper
Fri Mar 21 20:54:01 CET 2025 : Prix récupéré = 83935
Fri Mar 21 20:54:01 CET 2025 : Fin de l'exécution du scraper
Fri Mar 21 20:55:01 CET 2025 : Début de l'exécution du scraper
Fri Mar 21 20:55:02 CET 2025 : Prix récupéré = 83938
Fri Mar 21 20:55:02 CET 2025 : Fin de l'exécution du scraper
Fri Mar 21 20:56:01 CET 2025 : Début de l'exécution du scraper
Fri Mar 21 20:56:01 CET 2025 : Prix récupéré = 83938
Fri Mar 21 20:56:01 CET 2025 : Fin de l'exécution du scraper
Fri Mar 21 20:57:01 CET 2025 : Début de l'exécution du scraper
Fri Mar 21 20:57:01 CET 2025 : Prix récupéré = 83935
Fri Mar 21 20:57:01 CET 2025 : Fin de l'exécution du scraper
Fri Mar 21 20:58:01 CET 2025 : Début de l'exécution du scraper
Fri Mar 21 20:58:01 CET 2025 : Prix récupéré = 83958
Fri Mar 21 20:58:01 CET 2025 : Fin de l'exécution du scraper
Fri Mar 21 20:59:01 CET 2025 : Début de l'exécution du scraper
Fri Mar 21 20:59:01 CET 2025 : Prix récupéré = 83959
Fri Mar 21 20:59:01 CET 2025 : Fin de l'exécution du scraper
Fri Mar 21 21:00:01 CET 2025 : Début de l'exécution du scraper
Fri Mar 21 21:00:01 CET 2025 : Prix récupéré = 83960
Fri Mar 21 21:00:01 CET 2025 : Fin de l'exécution du scraper
Fri Mar 21 21:01:01 CET 2025 : Début de l'exécution du scraper
Fri Mar 21 21:01:01 CET 2025 : Prix récupéré = 83960
Fri Mar 21 21:01:01 CET 2025 : Fin de l'exécution du scraper
Fri Mar 21 21:02:01 CET 2025 : Début de l'exécution du scraper
Fri Mar 21 21:02:02 CET 2025 : Prix récupéré = 83956
Fri Mar 21 21:02:02 CET 2025 : Fin de l'exécution du scraper
Fri Mar 21 21:03:01 CET 2025 : Début de l'exécution du scraper
Fri Mar 21 21:03:01 CET 2025 : Prix récupéré = 83924
Fri Mar 21 21:03:01 CET 2025 : Fin de l'exécution du scraper
Fri Mar 21 21:04:01 CET 2025 : Début de l'exécution du scraper
Fri Mar 21 21:04:01 CET 2025 : Prix récupéré = 83908
Fri Mar 21 21:04:01 CET 2025 : Fin de l'exécution du scraper
Fri Mar 21 21:05:01 CET 2025 : Début de l'exécution du scraper
Fri Mar 21 21:05:01 CET 2025 : Prix récupéré = 83871
Fri Mar 21 21:05:01 CET 2025 : Fin de l'exécution du scraper
Fri Mar 21 21:06:01 CET 2025 : Début de l'exécution du scraper
Fri Mar 21 21:06:01 CET 2025 : Prix récupéré = 83858
Fri Mar 21 21:06:01 CET 2025 : Fin de l'exécution du scraper
Fri Mar 21 21:07:01 CET 2025 : Début de l'exécution du scraper
Fri Mar 21 21:07:01 CET 2025 : Prix récupéré = 83861
Fri Mar 21 21:07:01 CET 2025 : Fin de l'exécution du scraper
Fri Mar 21 21:08:01 CET 2025 : Début de l'exécution du scraper
Fri Mar 21 21:08:02 CET 2025 : Prix récupéré = 83912
Fri Mar 21 21:08:02 CET 2025 : Fin de l'exécution du scraper
Fri Mar 21 21:09:01 CET 2025 : Début de l'exécution du scraper
Fri Mar 21 21:09:01 CET 2025 : Prix récupéré = 83912
Fri Mar 21 21:09:01 CET 2025 : Fin de l'exécution du scraper
Fri Mar 21 21:10:01 CET 2025 : Début de l'exécution du scraper
Fri Mar 21 21:10:01 CET 2025 : Prix récupéré = 83896
Fri Mar 21 21:10:01 CET 2025 : Fin de l'exécution du scraper
Fri Mar 21 21:11:01 CET 2025 : Début de l'exécution du scraper
Fri Mar 21 21:11:01 CET 2025 : Prix récupéré = 83875
Fri Mar 21 21:11:01 CET 2025 : Fin de l'exécution du scraper
Fri Mar 21 21:12:01 CET 2025 : Début de l'exécution du scraper
Fri Mar 21 21:12:01 CET 2025 : Prix récupéré = 83829
Fri Mar 21 21:12:01 CET 2025 : Fin de l'exécution du scraper
Fri Mar 21 21:13:01 CET 2025 : Début de l'exécution du scraper
Fri Mar 21 21:13:01 CET 2025 : Prix récupéré = 83824
Fri Mar 21 21:13:01 CET 2025 : Fin de l'exécution du scraper
Fri Mar 21 21:14:02 CET 2025 : Début de l'exécution du scraper
Fri Mar 21 21:14:02 CET 2025 : Prix récupéré = 83807
Fri Mar 21 21:14:02 CET 2025 : Fin de l'exécution du scraper
Fri Mar 21 21:15:01 CET 2025 : Début de l'exécution du scraper
Fri Mar 21 21:15:01 CET 2025 : Prix récupéré = 83815
Fri Mar 21 21:15:01 CET 2025 : Fin de l'exécution du scraper
Fri Mar 21 21:16:01 CET 2025 : Début de l'exécution du scraper
Fri Mar 21 21:16:01 CET 2025 : Prix récupéré = 83851
Fri Mar 21 21:16:01 CET 2025 : Fin de l'exécution du scraper
Fri Mar 21 21:17:01 CET 2025 : Début de l'exécution du scraper
Fri Mar 21 21:17:01 CET 2025 : Prix récupéré = 83856
Fri Mar 21 21:17:01 CET 2025 : Fin de l'exécution du scraper
Fri Mar 21 21:18:01 CET 2025 : Début de l'exécution du scraper
Fri Mar 21 21:18:01 CET 2025 : Prix récupéré = 83834
Fri Mar 21 21:18:01 CET 2025 : Fin de l'exécution du scraper
Fri Mar 21 21:19:01 CET 2025 : Début de l'exécution du scraper
Fri Mar 21 21:19:01 CET 2025 : Prix récupéré = 83870
Fri Mar 21 21:19:01 CET 2025 : Fin de l'exécution du scraper
Fri Mar 21 21:20:01 CET 2025 : Début de l'exécution du scraper
Fri Mar 21 21:20:02 CET 2025 : Prix récupéré = 83901
Fri Mar 21 21:20:02 CET 2025 : Fin de l'exécution du scraper
Fri Mar 21 21:21:01 CET 2025 : Début de l'exécution du scraper
Fri Mar 21 21:21:01 CET 2025 : Prix récupéré = 83983
Fri Mar 21 21:21:01 CET 2025 : Fin de l'exécution du scraper
Fri Mar 21 21:22:01 CET 2025 : Début de l'exécution du scraper
Fri Mar 21 21:22:01 CET 2025 : Prix récupéré = 83981
Fri Mar 21 21:22:01 CET 2025 : Fin de l'exécution du scraper
Fri Mar 21 21:23:01 CET 2025 : Début de l'exécution du scraper
Fri Mar 21 21:23:01 CET 2025 : Prix récupéré = 83983
Fri Mar 21 21:23:01 CET 2025 : Fin de l'exécution du scraper
Fri Mar 21 21:24:01 CET 2025 : Début de l'exécution du scraper
Fri Mar 21 21:24:01 CET 2025 : Prix récupéré = 83980
Fri Mar 21 21:24:01 CET 2025 : Fin de l'exécution du scraper
Fri Mar 21 21:25:01 CET 2025 : Début de l'exécution du scraper
Fri Mar 21 21:25:01 CET 2025 : Prix récupéré = 83996
Fri Mar 21 21:25:01 CET 2025 : Fin de l'exécution du scraper
Fri Mar 21 21:26:01 CET 2025 : Début de l'exécution du scraper
Fri Mar 21 21:26:02 CET 2025 : Prix récupéré = 83989
Fri Mar 21 21:26:02 CET 2025 : Fin de l'exécution du scraper
Fri Mar 21 21:27:01 CET 2025 : Début de l'exécution du scraper
Fri Mar 21 21:27:01 CET 2025 : Prix récupéré = 83989
Fri Mar 21 21:27:01 CET 2025 : Fin de l'exécution du scraper
Fri Mar 21 21:28:01 CET 2025 : Début de l'exécution du scraper
Fri Mar 21 21:28:01 CET 2025 : Prix récupéré = 84010
Fri Mar 21 21:28:01 CET 2025 : Fin de l'exécution du scraper
Fri Mar 21 21:29:01 CET 2025 : Début de l'exécution du scraper
Fri Mar 21 21:29:01 CET 2025 : Prix récupéré = 84016
Fri Mar 21 21:29:01 CET 2025 : Fin de l'exécution du scraper
Fri Mar 21 21:30:01 CET 2025 : Début de l'exécution du scraper
Fri Mar 21 21:30:01 CET 2025 : Prix récupéré = 84025
Fri Mar 21 21:30:01 CET 2025 : Fin de l'exécution du scraper
Fri Mar 21 21:31:01 CET 2025 : Début de l'exécution du scraper
Fri Mar 21 21:31:01 CET 2025 : Prix récupéré = 84033
Fri Mar 21 21:31:01 CET 2025 : Fin de l'exécution du scraper
Fri Mar 21 21:32:01 CET 2025 : Début de l'exécution du scraper
Fri Mar 21 21:32:01 CET 2025 : Prix récupéré = 84048
Fri Mar 21 21:32:01 CET 2025 : Fin de l'exécution du scraper
Fri Mar 21 21:33:01 CET 2025 : Début de l'exécution du scraper
Fri Mar 21 21:33:02 CET 2025 : Prix récupéré = 84072
Fri Mar 21 21:33:02 CET 2025 : Fin de l'exécution du scraper
Fri Mar 21 21:34:01 CET 2025 : Début de l'exécution du scraper
Fri Mar 21 21:34:01 CET 2025 : Prix récupéré = 84080
Fri Mar 21 21:34:01 CET 2025 : Fin de l'exécution du scraper
Fri Mar 21 21:35:01 CET 2025 : Début de l'exécution du scraper
Fri Mar 21 21:35:01 CET 2025 : Prix récupéré = 84068
Fri Mar 21 21:35:01 CET 2025 : Fin de l'exécution du scraper
Fri Mar 21 21:36:01 CET 2025 : Début de l'exécution du scraper
Fri Mar 21 21:36:01 CET 2025 : Prix récupéré = 84066
Fri Mar 21 21:36:01 CET 2025 : Fin de l'exécution du scraper
Fri Mar 21 21:37:01 CET 2025 : Début de l'exécution du scraper
Fri Mar 21 21:37:01 CET 2025 : Prix récupéré = 84056
Fri Mar 21 21:37:01 CET 2025 : Fin de l'exécution du scraper
Fri Mar 21 21:38:01 CET 2025 : Début de l'exécution du scraper
Fri Mar 21 21:38:01 CET 2025 : Prix récupéré = 84052
Fri Mar 21 21:38:01 CET 2025 : Fin de l'exécution du scraper
Fri Mar 21 21:39:01 CET 2025 : Début de l'exécution du scraper
Fri Mar 21 21:39:01 CET 2025 : Prix récupéré = 84070
Fri Mar 21 21:39:01 CET 2025 : Fin de l'exécution du scraper
Fri Mar 21 21:40:02 CET 2025 : Début de l'exécution du scraper
Fri Mar 21 21:40:02 CET 2025 : Prix récupéré = 84078
Fri Mar 21 21:40:02 CET 2025 : Fin de l'exécution du scraper
Fri Mar 21 21:41:01 CET 2025 : Début de l'exécution du scraper
Fri Mar 21 21:41:01 CET 2025 : Prix récupéré = 84101
Fri Mar 21 21:41:01 CET 2025 : Fin de l'exécution du scraper
Fri Mar 21 21:42:01 CET 2025 : Début de l'exécution du scraper
Fri Mar 21 21:42:01 CET 2025 : Prix récupéré = 84100
Fri Mar 21 21:42:01 CET 2025 : Fin de l'exécution du scraper
Fri Mar 21 21:43:01 CET 2025 : Début de l'exécution du scraper
Fri Mar 21 21:43:01 CET 2025 : Prix récupéré = 84077
Fri Mar 21 21:43:01 CET 2025 : Fin de l'exécution du scraper
Fri Mar 21 21:44:01 CET 2025 : Début de l'exécution du scraper
Fri Mar 21 21:44:01 CET 2025 : Prix récupéré = 84071
Fri Mar 21 21:44:01 CET 2025 : Fin de l'exécution du scraper
Fri Mar 21 21:45:01 CET 2025 : Début de l'exécution du scraper
Fri Mar 21 21:45:01 CET 2025 : Prix récupéré = 84074
Fri Mar 21 21:45:01 CET 2025 : Fin de l'exécution du scraper
Fri Mar 21 21:46:01 CET 2025 : Début de l'exécution du scraper
Fri Mar 21 21:46:02 CET 2025 : Prix récupéré = 84096
Fri Mar 21 21:46:02 CET 2025 : Fin de l'exécution du scraper
Fri Mar 21 21:47:01 CET 2025 : Début de l'exécution du scraper
Fri Mar 21 21:47:01 CET 2025 : Prix récupéré = 84067
Fri Mar 21 21:47:01 CET 2025 : Fin de l'exécution du scraper
Fri Mar 21 21:48:01 CET 2025 : Début de l'exécution du scraper
Fri Mar 21 21:48:01 CET 2025 : Prix récupéré = 84067
Fri Mar 21 21:48:01 CET 2025 : Fin de l'exécution du scraper
Fri Mar 21 21:49:01 CET 2025 : Début de l'exécution du scraper
Fri Mar 21 21:49:01 CET 2025 : Prix récupéré = 84046
Fri Mar 21 21:49:01 CET 2025 : Fin de l'exécution du scraper
Fri Mar 21 21:50:01 CET 2025 : Début de l'exécution du scraper
Fri Mar 21 21:50:01 CET 2025 : Prix récupéré = 84043
Fri Mar 21 21:50:01 CET 2025 : Fin de l'exécution du scraper
Fri Mar 21 21:51:01 CET 2025 : Début de l'exécution du scraper
Fri Mar 21 21:51:01 CET 2025 : Prix récupéré = 84061
Fri Mar 21 21:51:01 CET 2025 : Fin de l'exécution du scraper
Fri Mar 21 21:52:01 CET 2025 : Début de l'exécution du scraper
Fri Mar 21 21:52:02 CET 2025 : Prix récupéré = 84077
Fri Mar 21 21:52:02 CET 2025 : Fin de l'exécution du scraper
Fri Mar 21 21:53:01 CET 2025 : Début de l'exécution du scraper
Fri Mar 21 21:53:01 CET 2025 : Prix récupéré = 84093
Fri Mar 21 21:53:01 CET 2025 : Fin de l'exécution du scraper
Fri Mar 21 21:54:01 CET 2025 : Début de l'exécution du scraper
Fri Mar 21 21:54:01 CET 2025 : Prix récupéré = 84100
Fri Mar 21 21:54:01 CET 2025 : Fin de l'exécution du scraper
Fri Mar 21 21:55:01 CET 2025 : Début de l'exécution du scraper
Fri Mar 21 21:55:01 CET 2025 : Prix récupéré = 84125
Fri Mar 21 21:55:01 CET 2025 : Fin de l'exécution du scraper
Fri Mar 21 21:56:01 CET 2025 : Début de l'exécution du scraper
Fri Mar 21 21:56:01 CET 2025 : Prix récupéré = 84135
Fri Mar 21 21:56:01 CET 2025 : Fin de l'exécution du scraper
Fri Mar 21 21:57:01 CET 2025 : Début de l'exécution du scraper
Fri Mar 21 21:57:01 CET 2025 : Prix récupéré = 84143
Fri Mar 21 21:57:01 CET 2025 : Fin de l'exécution du scraper
Fri Mar 21 21:58:01 CET 2025 : Début de l'exécution du scraper
Fri Mar 21 21:58:01 CET 2025 : Prix récupéré = 84167
Fri Mar 21 21:58:01 CET 2025 : Fin de l'exécution du scraper
Fri Mar 21 21:59:01 CET 2025 : Début de l'exécution du scraper
Fri Mar 21 21:59:02 CET 2025 : Prix récupéré = 84180
Fri Mar 21 21:59:02 CET 2025 : Fin de l'exécution du scraper
Fri Mar 21 22:00:01 CET 2025 : Début de l'exécution du scraper
Fri Mar 21 22:00:01 CET 2025 : Prix récupéré = 84187
Fri Mar 21 22:00:01 CET 2025 : Fin de l'exécution du scraper
Fri Mar 21 22:01:01 CET 2025 : Début de l'exécution du scraper
Fri Mar 21 22:01:01 CET 2025 : Prix récupéré = 84195
Fri Mar 21 22:01:01 CET 2025 : Fin de l'exécution du scraper
Fri Mar 21 22:02:01 CET 2025 : Début de l'exécution du scraper
Fri Mar 21 22:02:01 CET 2025 : Prix récupéré = 84195
Fri Mar 21 22:02:01 CET 2025 : Fin de l'exécution du scraper
Fri Mar 21 22:03:01 CET 2025 : Début de l'exécution du scraper
Fri Mar 21 22:03:01 CET 2025 : Prix récupéré = 84188
Fri Mar 21 22:03:01 CET 2025 : Fin de l'exécution du scraper
Fri Mar 21 22:04:01 CET 2025 : Début de l'exécution du scraper
Fri Mar 21 22:04:01 CET 2025 : Prix récupéré = 84188
Fri Mar 21 22:04:01 CET 2025 : Fin de l'exécution du scraper
Fri Mar 21 22:05:01 CET 2025 : Début de l'exécution du scraper
Fri Mar 21 22:05:01 CET 2025 : Prix récupéré = 84181
Fri Mar 21 22:05:02 CET 2025 : Fin de l'exécution du scraper
Fri Mar 21 22:06:01 CET 2025 : Début de l'exécution du scraper
Fri Mar 21 22:06:01 CET 2025 : Prix récupéré = 84176
Fri Mar 21 22:06:01 CET 2025 : Fin de l'exécution du scraper
Fri Mar 21 22:07:01 CET 2025 : Début de l'exécution du scraper
Fri Mar 21 22:07:01 CET 2025 : Prix récupéré = 84176
Fri Mar 21 22:07:01 CET 2025 : Fin de l'exécution du scraper
Fri Mar 21 22:08:01 CET 2025 : Début de l'exécution du scraper
Fri Mar 21 22:08:01 CET 2025 : Prix récupéré = 84145
Fri Mar 21 22:08:01 CET 2025 : Fin de l'exécution du scraper
Fri Mar 21 22:09:01 CET 2025 : Début de l'exécution du scraper
Fri Mar 21 22:09:01 CET 2025 : Prix récupéré = 84160
Fri Mar 21 22:09:01 CET 2025 : Fin de l'exécution du scraper
Fri Mar 21 22:10:01 CET 2025 : Début de l'exécution du scraper
Fri Mar 21 22:10:01 CET 2025 : Prix récupéré = 84202
Fri Mar 21 22:10:01 CET 2025 : Fin de l'exécution du scraper
Fri Mar 21 22:11:01 CET 2025 : Début de l'exécution du scraper
Fri Mar 21 22:11:01 CET 2025 : Prix récupéré = 84240
Fri Mar 21 22:11:01 CET 2025 : Fin de l'exécution du scraper
Fri Mar 21 22:12:01 CET 2025 : Début de l'exécution du scraper
Fri Mar 21 22:12:02 CET 2025 : Prix récupéré = 84234
Fri Mar 21 22:12:02 CET 2025 : Fin de l'exécution du scraper
Fri Mar 21 22:13:01 CET 2025 : Début de l'exécution du scraper
Fri Mar 21 22:13:01 CET 2025 : Prix récupéré = 84239
Fri Mar 21 22:13:01 CET 2025 : Fin de l'exécution du scraper
Fri Mar 21 22:14:01 CET 2025 : Début de l'exécution du scraper
Fri Mar 21 22:14:01 CET 2025 : Prix récupéré = 84254
Fri Mar 21 22:14:01 CET 2025 : Fin de l'exécution du scraper
Fri Mar 21 22:15:01 CET 2025 : Début de l'exécution du scraper
Fri Mar 21 22:15:01 CET 2025 : Prix récupéré = 84256
Fri Mar 21 22:15:01 CET 2025 : Fin de l'exécution du scraper
Fri Mar 21 22:16:01 CET 2025 : Début de l'exécution du scraper
Fri Mar 21 22:16:01 CET 2025 : Prix récupéré = 84288
Fri Mar 21 22:16:01 CET 2025 : Fin de l'exécution du scraper
Fri Mar 21 22:17:01 CET 2025 : Début de l'exécution du scraper
Fri Mar 21 22:17:01 CET 2025 : Prix récupéré = 84298
Fri Mar 21 22:17:01 CET 2025 : Fin de l'exécution du scraper
Fri Mar 21 22:18:01 CET 2025 : Début de l'exécution du scraper
Fri Mar 21 22:18:01 CET 2025 : Prix récupéré = 84298
Fri Mar 21 22:18:01 CET 2025 : Fin de l'exécution du scraper
Fri Mar 21 22:19:01 CET 2025 : Début de l'exécution du scraper
Fri Mar 21 22:19:02 CET 2025 : Prix récupéré = 84317
Fri Mar 21 22:19:02 CET 2025 : Fin de l'exécution du scraper
Fri Mar 21 22:20:01 CET 2025 : Début de l'exécution du scraper
Fri Mar 21 22:20:01 CET 2025 : Prix récupéré = 84317
Fri Mar 21 22:20:01 CET 2025 : Fin de l'exécution du scraper
Fri Mar 21 22:21:01 CET 2025 : Début de l'exécution du scraper
Fri Mar 21 22:21:01 CET 2025 : Prix récupéré = 84311
Fri Mar 21 22:21:01 CET 2025 : Fin de l'exécution du scraper
Fri Mar 21 22:22:01 CET 2025 : Début de l'exécution du scraper
Fri Mar 21 22:22:01 CET 2025 : Prix récupéré = 84299
Fri Mar 21 22:22:01 CET 2025 : Fin de l'exécution du scraper
Fri Mar 21 22:23:01 CET 2025 : Début de l'exécution du scraper
Fri Mar 21 22:23:01 CET 2025 : Prix récupéré = 84297
Fri Mar 21 22:23:01 CET 2025 : Fin de l'exécution du scraper
Fri Mar 21 22:24:01 CET 2025 : Début de l'exécution du scraper
Fri Mar 21 22:24:02 CET 2025 : Prix récupéré = 84300
Fri Mar 21 22:24:02 CET 2025 : Fin de l'exécution du scraper
Fri Mar 21 22:25:01 CET 2025 : Début de l'exécution du scraper
Fri Mar 21 22:25:01 CET 2025 : Prix récupéré = 84303
Fri Mar 21 22:25:01 CET 2025 : Fin de l'exécution du scraper
Fri Mar 21 22:26:01 CET 2025 : Début de l'exécution du scraper
Fri Mar 21 22:26:01 CET 2025 : Prix récupéré = 84317
Fri Mar 21 22:26:01 CET 2025 : Fin de l'exécution du scraper
Fri Mar 21 22:27:01 CET 2025 : Début de l'exécution du scraper
Fri Mar 21 22:27:01 CET 2025 : Prix récupéré = 84364
Fri Mar 21 22:27:01 CET 2025 : Fin de l'exécution du scraper
Fri Mar 21 22:28:01 CET 2025 : Début de l'exécution du scraper
Fri Mar 21 22:28:01 CET 2025 : Prix récupéré = 84344
Fri Mar 21 22:28:01 CET 2025 : Fin de l'exécution du scraper
Fri Mar 21 22:29:01 CET 2025 : Début de l'exécution du scraper
Fri Mar 21 22:29:01 CET 2025 : Prix récupéré = 84354
Fri Mar 21 22:29:01 CET 2025 : Fin de l'exécution du scraper
Fri Mar 21 22:30:01 CET 2025 : Début de l'exécution du scraper
Fri Mar 21 22:30:01 CET 2025 : Prix récupéré = 84359
Fri Mar 21 22:30:01 CET 2025 : Fin de l'exécution du scraper
Fri Mar 21 22:31:01 CET 2025 : Début de l'exécution du scraper
Fri Mar 21 22:31:01 CET 2025 : Prix récupéré = 84350
Fri Mar 21 22:31:01 CET 2025 : Fin de l'exécution du scraper
Fri Mar 21 22:32:02 CET 2025 : Début de l'exécution du scraper
Fri Mar 21 22:32:02 CET 2025 : Prix récupéré = 84335
Fri Mar 21 22:32:02 CET 2025 : Fin de l'exécution du scraper
Fri Mar 21 22:33:01 CET 2025 : Début de l'exécution du scraper
Fri Mar 21 22:33:01 CET 2025 : Prix récupéré = 84356
Fri Mar 21 22:33:01 CET 2025 : Fin de l'exécution du scraper
Fri Mar 21 22:34:01 CET 2025 : Début de l'exécution du scraper
Fri Mar 21 22:34:01 CET 2025 : Prix récupéré = 84369
Fri Mar 21 22:34:01 CET 2025 : Fin de l'exécution du scraper
Fri Mar 21 22:35:01 CET 2025 : Début de l'exécution du scraper
Fri Mar 21 22:35:01 CET 2025 : Prix récupéré = 84478
Fri Mar 21 22:35:01 CET 2025 : Fin de l'exécution du scraper
Fri Mar 21 22:36:01 CET 2025 : Début de l'exécution du scraper
Fri Mar 21 22:36:01 CET 2025 : Prix récupéré = 84469
Fri Mar 21 22:36:01 CET 2025 : Fin de l'exécution du scraper
Fri Mar 21 22:37:01 CET 2025 : Début de l'exécution du scraper
Fri Mar 21 22:37:01 CET 2025 : Prix récupéré = 84471
Fri Mar 21 22:37:01 CET 2025 : Fin de l'exécution du scraper
Fri Mar 21 22:38:01 CET 2025 : Début de l'exécution du scraper
Fri Mar 21 22:38:01 CET 2025 : Prix récupéré = 84509
Fri Mar 21 22:38:01 CET 2025 : Fin de l'exécution du scraper
Fri Mar 21 22:39:01 CET 2025 : Début de l'exécution du scraper
Fri Mar 21 22:39:02 CET 2025 : Prix récupéré = 84508
Fri Mar 21 22:39:02 CET 2025 : Fin de l'exécution du scraper
Fri Mar 21 22:40:01 CET 2025 : Début de l'exécution du scraper
Fri Mar 21 22:40:01 CET 2025 : Prix récupéré = 84508
Fri Mar 21 22:40:01 CET 2025 : Fin de l'exécution du scraper
Fri Mar 21 22:41:01 CET 2025 : Début de l'exécution du scraper
Fri Mar 21 22:41:01 CET 2025 : Prix récupéré = 84372
Fri Mar 21 22:41:01 CET 2025 : Fin de l'exécution du scraper
Fri Mar 21 22:42:01 CET 2025 : Début de l'exécution du scraper
Fri Mar 21 22:42:01 CET 2025 : Prix récupéré = 84369
Fri Mar 21 22:42:01 CET 2025 : Fin de l'exécution du scraper
Fri Mar 21 22:43:01 CET 2025 : Début de l'exécution du scraper
Fri Mar 21 22:43:01 CET 2025 : Prix récupéré = 84390
Fri Mar 21 22:43:01 CET 2025 : Fin de l'exécution du scraper
Fri Mar 21 22:44:01 CET 2025 : Début de l'exécution du scraper
Fri Mar 21 22:44:01 CET 2025 : Prix récupéré = 84385
Fri Mar 21 22:44:01 CET 2025 : Fin de l'exécution du scraper
Fri Mar 21 22:45:01 CET 2025 : Début de l'exécution du scraper
Fri Mar 21 22:45:01 CET 2025 : Prix récupéré = 84383
Fri Mar 21 22:45:01 CET 2025 : Fin de l'exécution du scraper
Fri Mar 21 22:46:01 CET 2025 : Début de l'exécution du scraper
Fri Mar 21 22:46:01 CET 2025 : Prix récupéré = 84376
Fri Mar 21 22:46:01 CET 2025 : Fin de l'exécution du scraper
Fri Mar 21 22:47:01 CET 2025 : Début de l'exécution du scraper
Fri Mar 21 22:47:01 CET 2025 : Prix récupéré = 84364
Fri Mar 21 22:47:01 CET 2025 : Fin de l'exécution du scraper
Fri Mar 21 22:48:01 CET 2025 : Début de l'exécution du scraper
Fri Mar 21 22:48:01 CET 2025 : Prix récupéré = 84337
Fri Mar 21 22:48:01 CET 2025 : Fin de l'exécution du scraper
Fri Mar 21 22:49:01 CET 2025 : Début de l'exécution du scraper
Fri Mar 21 22:49:01 CET 2025 : Prix récupéré = 84344
Fri Mar 21 22:49:01 CET 2025 : Fin de l'exécution du scraper
Fri Mar 21 22:50:01 CET 2025 : Début de l'exécution du scraper
Fri Mar 21 22:50:02 CET 2025 : Prix récupéré = 84344
Fri Mar 21 22:50:02 CET 2025 : Fin de l'exécution du scraper
Fri Mar 21 22:55:01 CET 2025 : Début de l'exécution du scraper
Fri Mar 21 22:55:01 CET 2025 : Prix récupéré = 84329
Fri Mar 21 22:55:01 CET 2025 : Fin de l'exécution du scraper
Fri Mar 21 23:00:01 CET 2025 : Début de l'exécution du scraper
Fri Mar 21 23:00:01 CET 2025 : Prix récupéré = 84248
Fri Mar 21 23:00:01 CET 2025 : Fin de l'exécution du scraper
Fri Mar 21 23:05:01 CET 2025 : Début de l'exécution du scraper
Fri Mar 21 23:05:01 CET 2025 : Prix récupéré = 84295
Fri Mar 21 23:05:01 CET 2025 : Fin de l'exécution du scraper
Fri Mar 21 23:10:01 CET 2025 : Début de l'exécution du scraper
Fri Mar 21 23:10:01 CET 2025 : Prix récupéré = 84277
Fri Mar 21 23:10:01 CET 2025 : Fin de l'exécution du scraper
Fri Mar 21 23:15:01 CET 2025 : Début de l'exécution du scraper
Fri Mar 21 23:15:01 CET 2025 : Prix récupéré = 84253
Fri Mar 21 23:15:01 CET 2025 : Fin de l'exécution du scraper
Fri Mar 21 23:20:02 CET 2025 : Début de l'exécution du scraper
Fri Mar 21 23:20:02 CET 2025 : Prix récupéré = 84324
Fri Mar 21 23:20:02 CET 2025 : Fin de l'exécution du scraper
Fri Mar 21 23:25:01 CET 2025 : Début de l'exécution du scraper
Fri Mar 21 23:25:01 CET 2025 : Prix récupéré = 84297
Fri Mar 21 23:25:01 CET 2025 : Fin de l'exécution du scraper
Fri Mar 21 23:30:01 CET 2025 : Début de l'exécution du scraper
Fri Mar 21 23:30:01 CET 2025 : Prix récupéré = 84264
Fri Mar 21 23:30:01 CET 2025 : Fin de l'exécution du scraper
Fri Mar 21 23:35:01 CET 2025 : Début de l'exécution du scraper
Fri Mar 21 23:35:01 CET 2025 : Prix récupéré = 84191
Fri Mar 21 23:35:01 CET 2025 : Fin de l'exécution du scraper
Fri Mar 21 23:40:01 CET 2025 : Début de l'exécution du scraper
Fri Mar 21 23:40:01 CET 2025 : Prix récupéré = 84109
Fri Mar 21 23:40:01 CET 2025 : Fin de l'exécution du scraper
Fri Mar 21 23:45:01 CET 2025 : Début de l'exécution du scraper
Fri Mar 21 23:45:01 CET 2025 : Prix récupéré = 84112
Fri Mar 21 23:45:01 CET 2025 : Fin de l'exécution du scraper
Fri Mar 21 23:50:01 CET 2025 : Début de l'exécution du scraper
Fri Mar 21 23:50:02 CET 2025 : Prix récupéré = 84068
Fri Mar 21 23:50:02 CET 2025 : Fin de l'exécution du scraper
Fri Mar 21 23:55:01 CET 2025 : Début de l'exécution du scraper
Fri Mar 21 23:55:01 CET 2025 : Prix récupéré = 84164
Fri Mar 21 23:55:01 CET 2025 : Fin de l'exécution du scraper
Sat Mar 22 00:00:01 CET 2025 : Début de l'exécution du scraper
Sat Mar 22 00:00:01 CET 2025 : Prix récupéré = 84145
Sat Mar 22 00:00:01 CET 2025 : Fin de l'exécution du scraper
Sat Mar 22 00:05:01 CET 2025 : Début de l'exécution du scraper
Sat Mar 22 00:05:01 CET 2025 : Prix récupéré = 84069
Sat Mar 22 00:05:01 CET 2025 : Fin de l'exécution du scraper
Sat Mar 22 00:10:01 CET 2025 : Début de l'exécution du scraper
Sat Mar 22 00:10:01 CET 2025 : Prix récupéré = 84112
Sat Mar 22 00:10:01 CET 2025 : Fin de l'exécution du scraper
Sat Mar 22 00:15:01 CET 2025 : Début de l'exécution du scraper
Sat Mar 22 00:15:01 CET 2025 : Prix récupéré = 84148
Sat Mar 22 00:15:01 CET 2025 : Fin de l'exécution du scraper
Sat Mar 22 00:20:01 CET 2025 : Début de l'exécution du scraper
Sat Mar 22 00:20:02 CET 2025 : Prix récupéré = 84142
Sat Mar 22 00:20:02 CET 2025 : Fin de l'exécution du scraper
Sat Mar 22 00:25:01 CET 2025 : Début de l'exécution du scraper
Sat Mar 22 00:25:01 CET 2025 : Prix récupéré = 84120
Sat Mar 22 00:25:01 CET 2025 : Fin de l'exécution du scraper
Sat Mar 22 00:30:01 CET 2025 : Début de l'exécution du scraper
Sat Mar 22 00:30:01 CET 2025 : Prix récupéré = 84090
Sat Mar 22 00:30:01 CET 2025 : Fin de l'exécution du scraper
Sat Mar 22 00:35:01 CET 2025 : Début de l'exécution du scraper
Sat Mar 22 00:35:01 CET 2025 : Prix récupéré = 84070
Sat Mar 22 00:35:01 CET 2025 : Fin de l'exécution du scraper
Sat Mar 22 00:40:01 CET 2025 : Début de l'exécution du scraper
Sat Mar 22 00:40:01 CET 2025 : Prix récupéré = 84063
Sat Mar 22 00:40:01 CET 2025 : Fin de l'exécution du scraper
Sat Mar 22 00:45:01 CET 2025 : Début de l'exécution du scraper
Sat Mar 22 00:45:01 CET 2025 : Prix récupéré = 84041
Sat Mar 22 00:45:01 CET 2025 : Fin de l'exécution du scraper
Sat Mar 22 00:50:01 CET 2025 : Début de l'exécution du scraper
Sat Mar 22 00:50:01 CET 2025 : Prix récupéré = 84050
Sat Mar 22 00:50:01 CET 2025 : Fin de l'exécution du scraper
Sat Mar 22 00:55:01 CET 2025 : Début de l'exécution du scraper
Sat Mar 22 00:55:02 CET 2025 : Prix récupéré = 84013
Sat Mar 22 00:55:02 CET 2025 : Fin de l'exécution du scraper
Sat Mar 22 01:00:01 CET 2025 : Début de l'exécution du scraper
Sat Mar 22 01:00:01 CET 2025 : Prix récupéré = 84038
Sat Mar 22 01:00:01 CET 2025 : Fin de l'exécution du scraper
Sat Mar 22 01:05:01 CET 2025 : Début de l'exécution du scraper
Sat Mar 22 01:05:01 CET 2025 : Prix récupéré = 84073
Sat Mar 22 01:05:01 CET 2025 : Fin de l'exécution du scraper
Sat Mar 22 01:10:01 CET 2025 : Début de l'exécution du scraper
Sat Mar 22 01:10:01 CET 2025 : Prix récupéré = 84036
Sat Mar 22 01:10:01 CET 2025 : Fin de l'exécution du scraper
Sat Mar 22 01:15:01 CET 2025 : Début de l'exécution du scraper
Sat Mar 22 01:15:01 CET 2025 : Prix récupéré = 84097
Sat Mar 22 01:15:01 CET 2025 : Fin de l'exécution du scraper
Sat Mar 22 01:20:01 CET 2025 : Début de l'exécution du scraper
Sat Mar 22 01:20:01 CET 2025 : Prix récupéré = 84102
Sat Mar 22 01:20:01 CET 2025 : Fin de l'exécution du scraper
Sat Mar 22 01:25:01 CET 2025 : Début de l'exécution du scraper
Sat Mar 22 01:25:02 CET 2025 : Prix récupéré = 84134
Sat Mar 22 01:25:02 CET 2025 : Fin de l'exécution du scraper
Sat Mar 22 01:30:01 CET 2025 : Début de l'exécution du scraper
Sat Mar 22 01:30:01 CET 2025 : Prix récupéré = 84201
Sat Mar 22 01:30:01 CET 2025 : Fin de l'exécution du scraper
Sat Mar 22 01:35:01 CET 2025 : Début de l'exécution du scraper
Sat Mar 22 01:35:01 CET 2025 : Prix récupéré = 84175
Sat Mar 22 01:35:01 CET 2025 : Fin de l'exécution du scraper
Sat Mar 22 01:40:01 CET 2025 : Début de l'exécution du scraper
Sat Mar 22 01:40:01 CET 2025 : Prix récupéré = 84199
Sat Mar 22 01:40:01 CET 2025 : Fin de l'exécution du scraper
Sat Mar 22 01:45:01 CET 2025 : Début de l'exécution du scraper
Sat Mar 22 01:45:01 CET 2025 : Prix récupéré = 84155
Sat Mar 22 01:45:01 CET 2025 : Fin de l'exécution du scraper
Sat Mar 22 01:50:01 CET 2025 : Début de l'exécution du scraper
Sat Mar 22 01:50:01 CET 2025 : Prix récupéré = 84078
Sat Mar 22 01:50:01 CET 2025 : Fin de l'exécution du scraper
Sat Mar 22 01:55:01 CET 2025 : Début de l'exécution du scraper
Sat Mar 22 01:55:01 CET 2025 : Prix récupéré = 84158
Sat Mar 22 01:55:01 CET 2025 : Fin de l'exécution du scraper
Sat Mar 22 02:00:01 CET 2025 : Début de l'exécution du scraper
Sat Mar 22 02:00:02 CET 2025 : Prix récupéré = 84190
Sat Mar 22 02:00:02 CET 2025 : Fin de l'exécution du scraper
Sat Mar 22 02:05:01 CET 2025 : Début de l'exécution du scraper
Sat Mar 22 02:05:01 CET 2025 : Prix récupéré = 84196
Sat Mar 22 02:05:01 CET 2025 : Fin de l'exécution du scraper
Sat Mar 22 02:10:01 CET 2025 : Début de l'exécution du scraper
Sat Mar 22 02:10:01 CET 2025 : Prix récupéré = 84281
Sat Mar 22 02:10:01 CET 2025 : Fin de l'exécution du scraper
Sat Mar 22 02:15:01 CET 2025 : Début de l'exécution du scraper
Sat Mar 22 02:15:01 CET 2025 : Prix récupéré = 84262
Sat Mar 22 02:15:01 CET 2025 : Fin de l'exécution du scraper
Sat Mar 22 02:20:01 CET 2025 : Début de l'exécution du scraper
Sat Mar 22 02:20:01 CET 2025 : Prix récupéré = 84245
Sat Mar 22 02:20:01 CET 2025 : Fin de l'exécution du scraper
Sat Mar 22 02:25:01 CET 2025 : Début de l'exécution du scraper
Sat Mar 22 02:25:01 CET 2025 : Prix récupéré = 84209
Sat Mar 22 02:25:01 CET 2025 : Fin de l'exécution du scraper
Sat Mar 22 02:30:01 CET 2025 : Début de l'exécution du scraper
Sat Mar 22 02:30:01 CET 2025 : Prix récupéré = 84199
Sat Mar 22 02:30:01 CET 2025 : Fin de l'exécution du scraper
Sat Mar 22 02:35:01 CET 2025 : Début de l'exécution du scraper
Sat Mar 22 02:35:01 CET 2025 : Prix récupéré = 84059
Sat Mar 22 02:35:01 CET 2025 : Fin de l'exécution du scraper
Sat Mar 22 02:40:01 CET 2025 : Début de l'exécution du scraper
Sat Mar 22 02:40:02 CET 2025 : Prix récupéré = 83994
Sat Mar 22 02:40:02 CET 2025 : Fin de l'exécution du scraper
Sat Mar 22 02:45:01 CET 2025 : Début de l'exécution du scraper
Sat Mar 22 02:45:01 CET 2025 : Prix récupéré = 84022
Sat Mar 22 02:45:01 CET 2025 : Fin de l'exécution du scraper
Sat Mar 22 02:50:01 CET 2025 : Début de l'exécution du scraper
Sat Mar 22 02:50:01 CET 2025 : Prix récupéré = 84012
Sat Mar 22 02:50:01 CET 2025 : Fin de l'exécution du scraper
Sat Mar 22 02:55:01 CET 2025 : Début de l'exécution du scraper
Sat Mar 22 02:55:01 CET 2025 : Prix récupéré = 84014
Sat Mar 22 02:55:01 CET 2025 : Fin de l'exécution du scraper
Sat Mar 22 03:00:01 CET 2025 : Début de l'exécution du scraper
Sat Mar 22 03:00:01 CET 2025 : Prix récupéré = 84073
Sat Mar 22 03:00:01 CET 2025 : Fin de l'exécution du scraper
Sat Mar 22 03:05:01 CET 2025 : Début de l'exécution du scraper
Sat Mar 22 03:05:01 CET 2025 : Prix récupéré = 84006
Sat Mar 22 03:05:01 CET 2025 : Fin de l'exécution du scraper
Sat Mar 22 03:10:01 CET 2025 : Début de l'exécution du scraper
Sat Mar 22 03:10:01 CET 2025 : Prix récupéré = 84062
Sat Mar 22 03:10:01 CET 2025 : Fin de l'exécution du scraper
Sat Mar 22 03:15:01 CET 2025 : Début de l'exécution du scraper
Sat Mar 22 03:15:02 CET 2025 : Prix récupéré = 84154
Sat Mar 22 03:15:02 CET 2025 : Fin de l'exécution du scraper
Sat Mar 22 03:20:01 CET 2025 : Début de l'exécution du scraper
Sat Mar 22 03:20:01 CET 2025 : Prix récupéré = 84150
Sat Mar 22 03:20:01 CET 2025 : Fin de l'exécution du scraper
Sat Mar 22 03:25:01 CET 2025 : Début de l'exécution du scraper
Sat Mar 22 03:25:01 CET 2025 : Prix récupéré = 84090
Sat Mar 22 03:25:01 CET 2025 : Fin de l'exécution du scraper
Sat Mar 22 03:30:01 CET 2025 : Début de l'exécution du scraper
Sat Mar 22 03:30:01 CET 2025 : Prix récupéré = 84163
Sat Mar 22 03:30:01 CET 2025 : Fin de l'exécution du scraper
Sat Mar 22 03:35:01 CET 2025 : Début de l'exécution du scraper
Sat Mar 22 03:35:01 CET 2025 : Prix récupéré = 84198
Sat Mar 22 03:35:01 CET 2025 : Fin de l'exécution du scraper
Sat Mar 22 03:40:01 CET 2025 : Début de l'exécution du scraper
Sat Mar 22 03:40:01 CET 2025 : Prix récupéré = 84212
Sat Mar 22 03:40:01 CET 2025 : Fin de l'exécution du scraper
Sat Mar 22 03:45:01 CET 2025 : Début de l'exécution du scraper
Sat Mar 22 03:45:02 CET 2025 : Prix récupéré = 84178
Sat Mar 22 03:45:02 CET 2025 : Fin de l'exécution du scraper
Sat Mar 22 03:50:01 CET 2025 : Début de l'exécution du scraper
Sat Mar 22 03:50:01 CET 2025 : Prix récupéré = 84203
Sat Mar 22 03:50:01 CET 2025 : Fin de l'exécution du scraper
Sat Mar 22 03:55:01 CET 2025 : Début de l'exécution du scraper
Sat Mar 22 03:55:01 CET 2025 : Prix récupéré = 84147
Sat Mar 22 03:55:01 CET 2025 : Fin de l'exécution du scraper
Sat Mar 22 04:00:01 CET 2025 : Début de l'exécution du scraper
Sat Mar 22 04:00:01 CET 2025 : Prix récupéré = 84130
Sat Mar 22 04:00:01 CET 2025 : Fin de l'exécution du scraper
Sat Mar 22 04:05:01 CET 2025 : Début de l'exécution du scraper
Sat Mar 22 04:05:01 CET 2025 : Prix récupéré = 84125
Sat Mar 22 04:05:01 CET 2025 : Fin de l'exécution du scraper
Sat Mar 22 04:10:01 CET 2025 : Début de l'exécution du scraper
Sat Mar 22 04:10:01 CET 2025 : Prix récupéré = 84116
Sat Mar 22 04:10:01 CET 2025 : Fin de l'exécution du scraper
Sat Mar 22 04:15:01 CET 2025 : Début de l'exécution du scraper
Sat Mar 22 04:15:01 CET 2025 : Prix récupéré = 84138
Sat Mar 22 04:15:01 CET 2025 : Fin de l'exécution du scraper
Sat Mar 22 04:20:01 CET 2025 : Début de l'exécution du scraper
Sat Mar 22 04:20:01 CET 2025 : Prix récupéré = 84173
Sat Mar 22 04:20:01 CET 2025 : Fin de l'exécution du scraper
Sat Mar 22 04:25:01 CET 2025 : Début de l'exécution du scraper
Sat Mar 22 04:25:02 CET 2025 : Prix récupéré = 84227
Sat Mar 22 04:25:02 CET 2025 : Fin de l'exécution du scraper
Sat Mar 22 04:30:01 CET 2025 : Début de l'exécution du scraper
Sat Mar 22 04:30:01 CET 2025 : Prix récupéré = 84205
Sat Mar 22 04:30:01 CET 2025 : Fin de l'exécution du scraper
Sat Mar 22 04:35:01 CET 2025 : Début de l'exécution du scraper
Sat Mar 22 04:35:01 CET 2025 : Prix récupéré = 84195
Sat Mar 22 04:35:01 CET 2025 : Fin de l'exécution du scraper
Sat Mar 22 04:40:01 CET 2025 : Début de l'exécution du scraper
Sat Mar 22 04:40:01 CET 2025 : Prix récupéré = 84200
Sat Mar 22 04:40:01 CET 2025 : Fin de l'exécution du scraper
Sat Mar 22 04:45:01 CET 2025 : Début de l'exécution du scraper
Sat Mar 22 04:45:01 CET 2025 : Prix récupéré = 84208
Sat Mar 22 04:45:01 CET 2025 : Fin de l'exécution du scraper
Sat Mar 22 04:50:01 CET 2025 : Début de l'exécution du scraper
Sat Mar 22 04:50:01 CET 2025 : Prix récupéré = 84203
Sat Mar 22 04:50:01 CET 2025 : Fin de l'exécution du scraper
Sat Mar 22 04:55:02 CET 2025 : Début de l'exécution du scraper
Sat Mar 22 04:55:02 CET 2025 : Prix récupéré = 84213
Sat Mar 22 04:55:02 CET 2025 : Fin de l'exécution du scraper
Sat Mar 22 05:00:01 CET 2025 : Début de l'exécution du scraper
Sat Mar 22 05:00:01 CET 2025 : Prix récupéré = 84236
Sat Mar 22 05:00:01 CET 2025 : Fin de l'exécution du scraper
Sat Mar 22 05:05:01 CET 2025 : Début de l'exécution du scraper
Sat Mar 22 05:05:01 CET 2025 : Prix récupéré = 84207
Sat Mar 22 05:05:01 CET 2025 : Fin de l'exécution du scraper
Sat Mar 22 05:10:01 CET 2025 : Début de l'exécution du scraper
Sat Mar 22 05:10:01 CET 2025 : Prix récupéré = 84190
Sat Mar 22 05:10:01 CET 2025 : Fin de l'exécution du scraper
Sat Mar 22 05:15:01 CET 2025 : Début de l'exécution du scraper
Sat Mar 22 05:15:01 CET 2025 : Prix récupéré = 84288
Sat Mar 22 05:15:01 CET 2025 : Fin de l'exécution du scraper
Sat Mar 22 05:20:01 CET 2025 : Début de l'exécution du scraper
Sat Mar 22 05:20:01 CET 2025 : Prix récupéré = 84298
Sat Mar 22 05:20:01 CET 2025 : Fin de l'exécution du scraper
Sat Mar 22 05:25:01 CET 2025 : Début de l'exécution du scraper
Sat Mar 22 05:25:01 CET 2025 : Prix récupéré = 84252
Sat Mar 22 05:25:01 CET 2025 : Fin de l'exécution du scraper
Sat Mar 22 05:30:02 CET 2025 : Début de l'exécution du scraper
Sat Mar 22 05:30:02 CET 2025 : Prix récupéré = 84197
Sat Mar 22 05:30:02 CET 2025 : Fin de l'exécution du scraper
Sat Mar 22 05:35:01 CET 2025 : Début de l'exécution du scraper
Sat Mar 22 05:35:01 CET 2025 : Prix récupéré = 84227
Sat Mar 22 05:35:01 CET 2025 : Fin de l'exécution du scraper
Sat Mar 22 05:40:01 CET 2025 : Début de l'exécution du scraper
Sat Mar 22 05:40:01 CET 2025 : Prix récupéré = 84231
Sat Mar 22 05:40:01 CET 2025 : Fin de l'exécution du scraper
Sat Mar 22 05:45:01 CET 2025 : Début de l'exécution du scraper
Sat Mar 22 05:45:01 CET 2025 : Prix récupéré = 84235
Sat Mar 22 05:45:01 CET 2025 : Fin de l'exécution du scraper
Sat Mar 22 05:50:01 CET 2025 : Début de l'exécution du scraper
Sat Mar 22 05:50:01 CET 2025 : Prix récupéré = 84257
Sat Mar 22 05:50:01 CET 2025 : Fin de l'exécution du scraper
Sat Mar 22 05:55:01 CET 2025 : Début de l'exécution du scraper
Sat Mar 22 05:55:01 CET 2025 : Prix récupéré = 84311
Sat Mar 22 05:55:01 CET 2025 : Fin de l'exécution du scraper
Sat Mar 22 06:00:01 CET 2025 : Début de l'exécution du scraper
Sat Mar 22 06:00:02 CET 2025 : Prix récupéré = 84352
Sat Mar 22 06:00:02 CET 2025 : Fin de l'exécution du scraper
Sat Mar 22 06:05:01 CET 2025 : Début de l'exécution du scraper
Sat Mar 22 06:05:01 CET 2025 : Prix récupéré = 84340
Sat Mar 22 06:05:01 CET 2025 : Fin de l'exécution du scraper
Sat Mar 22 06:10:01 CET 2025 : Début de l'exécution du scraper
Sat Mar 22 06:10:01 CET 2025 : Prix récupéré = 84306
Sat Mar 22 06:10:01 CET 2025 : Fin de l'exécution du scraper
Sat Mar 22 06:15:01 CET 2025 : Début de l'exécution du scraper
Sat Mar 22 06:15:01 CET 2025 : Prix récupéré = 84341
Sat Mar 22 06:15:01 CET 2025 : Fin de l'exécution du scraper
Sat Mar 22 06:20:01 CET 2025 : Début de l'exécution du scraper
Sat Mar 22 06:20:01 CET 2025 : Prix récupéré = 84340
Sat Mar 22 06:20:01 CET 2025 : Fin de l'exécution du scraper
Sat Mar 22 06:25:01 CET 2025 : Début de l'exécution du scraper
Sat Mar 22 06:25:01 CET 2025 : Prix récupéré = 84364
Sat Mar 22 06:25:01 CET 2025 : Fin de l'exécution du scraper
Sat Mar 22 06:30:01 CET 2025 : Début de l'exécution du scraper
Sat Mar 22 06:30:01 CET 2025 : Prix récupéré = 84337
Sat Mar 22 06:30:01 CET 2025 : Fin de l'exécution du scraper
Sat Mar 22 06:35:01 CET 2025 : Début de l'exécution du scraper
Sat Mar 22 06:35:02 CET 2025 : Prix récupéré = 84318
Sat Mar 22 06:35:02 CET 2025 : Fin de l'exécution du scraper
Sat Mar 22 06:40:01 CET 2025 : Début de l'exécution du scraper
Sat Mar 22 06:40:01 CET 2025 : Prix récupéré = 84273
Sat Mar 22 06:40:01 CET 2025 : Fin de l'exécution du scraper
Sat Mar 22 06:45:01 CET 2025 : Début de l'exécution du scraper
Sat Mar 22 06:45:01 CET 2025 : Prix récupéré = 84265
Sat Mar 22 06:45:01 CET 2025 : Fin de l'exécution du scraper
Sat Mar 22 06:50:01 CET 2025 : Début de l'exécution du scraper
Sat Mar 22 06:50:01 CET 2025 : Prix récupéré = 84295
Sat Mar 22 06:50:01 CET 2025 : Fin de l'exécution du scraper
Sat Mar 22 06:55:01 CET 2025 : Début de l'exécution du scraper
Sat Mar 22 06:55:01 CET 2025 : Prix récupéré = 84314
Sat Mar 22 06:55:01 CET 2025 : Fin de l'exécution du scraper
Sat Mar 22 07:00:01 CET 2025 : Début de l'exécution du scraper
Sat Mar 22 07:00:01 CET 2025 : Prix récupéré = 84261
Sat Mar 22 07:00:01 CET 2025 : Fin de l'exécution du scraper
Sat Mar 22 07:05:01 CET 2025 : Début de l'exécution du scraper
Sat Mar 22 07:05:02 CET 2025 : Prix récupéré = 84320
Sat Mar 22 07:05:02 CET 2025 : Fin de l'exécution du scraper
Sat Mar 22 07:10:01 CET 2025 : Début de l'exécution du scraper
Sat Mar 22 07:10:01 CET 2025 : Prix récupéré = 84344
Sat Mar 22 07:10:01 CET 2025 : Fin de l'exécution du scraper
Sat Mar 22 07:15:01 CET 2025 : Début de l'exécution du scraper
Sat Mar 22 07:15:01 CET 2025 : Prix récupéré = 84334
Sat Mar 22 07:15:01 CET 2025 : Fin de l'exécution du scraper
Sat Mar 22 07:20:01 CET 2025 : Début de l'exécution du scraper
Sat Mar 22 07:20:01 CET 2025 : Prix récupéré = 84342
Sat Mar 22 07:20:01 CET 2025 : Fin de l'exécution du scraper
Sat Mar 22 07:25:01 CET 2025 : Début de l'exécution du scraper
Sat Mar 22 07:25:01 CET 2025 : Prix récupéré = 84349
Sat Mar 22 07:25:01 CET 2025 : Fin de l'exécution du scraper
Sat Mar 22 07:30:01 CET 2025 : Début de l'exécution du scraper
Sat Mar 22 07:30:01 CET 2025 : Prix récupéré = 84266
Sat Mar 22 07:30:01 CET 2025 : Fin de l'exécution du scraper
Sat Mar 22 07:35:01 CET 2025 : Début de l'exécution du scraper
Sat Mar 22 07:35:01 CET 2025 : Prix récupéré = 84171
Sat Mar 22 07:35:01 CET 2025 : Fin de l'exécution du scraper
Sat Mar 22 07:40:01 CET 2025 : Début de l'exécution du scraper
Sat Mar 22 07:40:01 CET 2025 : Prix récupéré = 84212
Sat Mar 22 07:40:01 CET 2025 : Fin de l'exécution du scraper
Sat Mar 22 07:45:01 CET 2025 : Début de l'exécution du scraper
Sat Mar 22 07:45:02 CET 2025 : Prix récupéré = 84282
Sat Mar 22 07:45:02 CET 2025 : Fin de l'exécution du scraper
Sat Mar 22 07:50:01 CET 2025 : Début de l'exécution du scraper
Sat Mar 22 07:50:01 CET 2025 : Prix récupéré = 84270
Sat Mar 22 07:50:01 CET 2025 : Fin de l'exécution du scraper
Sat Mar 22 07:55:01 CET 2025 : Début de l'exécution du scraper
Sat Mar 22 07:55:01 CET 2025 : Prix récupéré = 84307
Sat Mar 22 07:55:01 CET 2025 : Fin de l'exécution du scraper
Sat Mar 22 08:00:01 CET 2025 : Début de l'exécution du scraper
Sat Mar 22 08:00:01 CET 2025 : Prix récupéré = 84309
Sat Mar 22 08:00:01 CET 2025 : Fin de l'exécution du scraper
Sat Mar 22 08:05:01 CET 2025 : Début de l'exécution du scraper
Sat Mar 22 08:05:01 CET 2025 : Prix récupéré = 84357
Sat Mar 22 08:05:01 CET 2025 : Fin de l'exécution du scraper
Sat Mar 22 08:10:01 CET 2025 : Début de l'exécution du scraper
Sat Mar 22 08:10:01 CET 2025 : Prix récupéré = 84348
Sat Mar 22 08:10:01 CET 2025 : Fin de l'exécution du scraper
Sat Mar 22 08:15:01 CET 2025 : Début de l'exécution du scraper
Sat Mar 22 08:15:02 CET 2025 : Prix récupéré = 84317
Sat Mar 22 08:15:02 CET 2025 : Fin de l'exécution du scraper
Sat Mar 22 08:20:01 CET 2025 : Début de l'exécution du scraper
Sat Mar 22 08:20:01 CET 2025 : Prix récupéré = 84304
Sat Mar 22 08:20:01 CET 2025 : Fin de l'exécution du scraper
Sat Mar 22 08:25:01 CET 2025 : Début de l'exécution du scraper
Sat Mar 22 08:25:01 CET 2025 : Prix récupéré = 84302
Sat Mar 22 08:25:01 CET 2025 : Fin de l'exécution du scraper
Sat Mar 22 08:30:01 CET 2025 : Début de l'exécution du scraper
Sat Mar 22 08:30:01 CET 2025 : Prix récupéré = 84303
Sat Mar 22 08:30:01 CET 2025 : Fin de l'exécution du scraper
Sat Mar 22 08:35:01 CET 2025 : Début de l'exécution du scraper
Sat Mar 22 08:35:01 CET 2025 : Prix récupéré = 84319
Sat Mar 22 08:35:01 CET 2025 : Fin de l'exécution du scraper
Sat Mar 22 08:40:01 CET 2025 : Début de l'exécution du scraper
Sat Mar 22 08:40:01 CET 2025 : Prix récupéré = 84321
Sat Mar 22 08:40:01 CET 2025 : Fin de l'exécution du scraper
Sat Mar 22 08:45:01 CET 2025 : Début de l'exécution du scraper
Sat Mar 22 08:45:02 CET 2025 : Prix récupéré = 84282
Sat Mar 22 08:45:02 CET 2025 : Fin de l'exécution du scraper
Sat Mar 22 08:50:01 CET 2025 : Début de l'exécution du scraper
Sat Mar 22 08:50:01 CET 2025 : Prix récupéré = 84262
Sat Mar 22 08:50:01 CET 2025 : Fin de l'exécution du scraper
Sat Mar 22 08:55:01 CET 2025 : Début de l'exécution du scraper
Sat Mar 22 08:55:01 CET 2025 : Prix récupéré = 84169
Sat Mar 22 08:55:01 CET 2025 : Fin de l'exécution du scraper
Sat Mar 22 09:00:01 CET 2025 : Début de l'exécution du scraper
Sat Mar 22 09:00:01 CET 2025 : Prix récupéré = 84199
Sat Mar 22 09:00:01 CET 2025 : Fin de l'exécution du scraper
Sat Mar 22 09:05:01 CET 2025 : Début de l'exécution du scraper
Sat Mar 22 09:05:01 CET 2025 : Prix récupéré = 84224
Sat Mar 22 09:05:01 CET 2025 : Fin de l'exécution du scraper
Sat Mar 22 09:10:01 CET 2025 : Début de l'exécution du scraper
Sat Mar 22 09:10:01 CET 2025 : Prix récupéré = 84239
Sat Mar 22 09:10:01 CET 2025 : Fin de l'exécution du scraper
Sat Mar 22 09:15:01 CET 2025 : Début de l'exécution du scraper
Sat Mar 22 09:15:02 CET 2025 : Prix récupéré = 84227
Sat Mar 22 09:15:02 CET 2025 : Fin de l'exécution du scraper
Sat Mar 22 09:20:01 CET 2025 : Début de l'exécution du scraper
Sat Mar 22 09:20:01 CET 2025 : Prix récupéré = 84224
Sat Mar 22 09:20:01 CET 2025 : Fin de l'exécution du scraper
Sat Mar 22 09:25:01 CET 2025 : Début de l'exécution du scraper
Sat Mar 22 09:25:01 CET 2025 : Prix récupéré = 84192
Sat Mar 22 09:25:01 CET 2025 : Fin de l'exécution du scraper
Sat Mar 22 09:30:01 CET 2025 : Début de l'exécution du scraper
Sat Mar 22 09:30:01 CET 2025 : Prix récupéré = 84160
Sat Mar 22 09:30:01 CET 2025 : Fin de l'exécution du scraper
Sat Mar 22 09:35:01 CET 2025 : Début de l'exécution du scraper
Sat Mar 22 09:35:01 CET 2025 : Prix récupéré = 84134
Sat Mar 22 09:35:01 CET 2025 : Fin de l'exécution du scraper
Sat Mar 22 09:40:01 CET 2025 : Début de l'exécution du scraper
Sat Mar 22 09:40:01 CET 2025 : Prix récupéré = 84150
Sat Mar 22 09:40:01 CET 2025 : Fin de l'exécution du scraper
Sat Mar 22 09:45:01 CET 2025 : Début de l'exécution du scraper
Sat Mar 22 09:45:02 CET 2025 : Prix récupéré = 84216
Sat Mar 22 09:45:02 CET 2025 : Fin de l'exécution du scraper
Sat Mar 22 09:50:01 CET 2025 : Début de l'exécution du scraper
Sat Mar 22 09:50:01 CET 2025 : Prix récupéré = 84203
Sat Mar 22 09:50:01 CET 2025 : Fin de l'exécution du scraper
Sat Mar 22 09:55:01 CET 2025 : Début de l'exécution du scraper
Sat Mar 22 09:55:01 CET 2025 : Prix récupéré = 84154
Sat Mar 22 09:55:01 CET 2025 : Fin de l'exécution du scraper
Sat Mar 22 10:00:01 CET 2025 : Début de l'exécution du scraper
Sat Mar 22 10:00:01 CET 2025 : Prix récupéré = 84203
Sat Mar 22 10:00:01 CET 2025 : Fin de l'exécution du scraper
Sat Mar 22 10:05:01 CET 2025 : Début de l'exécution du scraper
Sat Mar 22 10:05:01 CET 2025 : Prix récupéré = 84220
Sat Mar 22 10:05:01 CET 2025 : Fin de l'exécution du scraper
Sat Mar 22 10:10:01 CET 2025 : Début de l'exécution du scraper
Sat Mar 22 10:10:01 CET 2025 : Prix récupéré = 84218
Sat Mar 22 10:10:01 CET 2025 : Fin de l'exécution du scraper
Sat Mar 22 10:15:01 CET 2025 : Début de l'exécution du scraper
Sat Mar 22 10:15:02 CET 2025 : Prix récupéré = 84299
Sat Mar 22 10:15:02 CET 2025 : Fin de l'exécution du scraper
Sat Mar 22 10:20:01 CET 2025 : Début de l'exécution du scraper
Sat Mar 22 10:20:01 CET 2025 : Prix récupéré = 84327
Sat Mar 22 10:20:01 CET 2025 : Fin de l'exécution du scraper
Sat Mar 22 10:25:01 CET 2025 : Début de l'exécution du scraper
Sat Mar 22 10:25:01 CET 2025 : Prix récupéré = 84335
Sat Mar 22 10:25:01 CET 2025 : Fin de l'exécution du scraper
Sat Mar 22 10:30:01 CET 2025 : Début de l'exécution du scraper
Sat Mar 22 10:30:01 CET 2025 : Prix récupéré = 84312
Sat Mar 22 10:30:01 CET 2025 : Fin de l'exécution du scraper
Sat Mar 22 10:35:01 CET 2025 : Début de l'exécution du scraper
Sat Mar 22 10:35:01 CET 2025 : Prix récupéré = 84365
Sat Mar 22 10:35:01 CET 2025 : Fin de l'exécution du scraper
Sat Mar 22 10:40:01 CET 2025 : Début de l'exécution du scraper
Sat Mar 22 10:40:02 CET 2025 : Prix récupéré = 84407
Sat Mar 22 10:40:02 CET 2025 : Fin de l'exécution du scraper
Sat Mar 22 10:45:01 CET 2025 : Début de l'exécution du scraper
Sat Mar 22 10:45:01 CET 2025 : Prix récupéré = 84468
Sat Mar 22 10:45:01 CET 2025 : Fin de l'exécution du scraper
Sat Mar 22 10:50:01 CET 2025 : Début de l'exécution du scraper
Sat Mar 22 10:50:01 CET 2025 : Prix récupéré = 84468
Sat Mar 22 10:50:01 CET 2025 : Fin de l'exécution du scraper
Sat Mar 22 10:55:01 CET 2025 : Début de l'exécution du scraper
Sat Mar 22 10:55:01 CET 2025 : Prix récupéré = 84406
Sat Mar 22 10:55:01 CET 2025 : Fin de l'exécution du scraper
Sat Mar 22 11:00:01 CET 2025 : Début de l'exécution du scraper
Sat Mar 22 11:00:02 CET 2025 : Prix récupéré = 84356
Sat Mar 22 11:00:02 CET 2025 : Fin de l'exécution du scraper
Sat Mar 22 11:05:01 CET 2025 : Début de l'exécution du scraper
Sat Mar 22 11:05:01 CET 2025 : Prix récupéré = 84345
Sat Mar 22 11:05:01 CET 2025 : Fin de l'exécution du scraper
Sat Mar 22 11:10:01 CET 2025 : Début de l'exécution du scraper
Sat Mar 22 11:10:01 CET 2025 : Prix récupéré = 84326
Sat Mar 22 11:10:01 CET 2025 : Fin de l'exécution du scraper
Sat Mar 22 11:15:01 CET 2025 : Début de l'exécution du scraper
Sat Mar 22 11:15:01 CET 2025 : Prix récupéré = 84337
Sat Mar 22 11:15:01 CET 2025 : Fin de l'exécution du scraper
Sat Mar 22 11:20:01 CET 2025 : Début de l'exécution du scraper
Sat Mar 22 11:20:01 CET 2025 : Prix récupéré = 84358
Sat Mar 22 11:20:01 CET 2025 : Fin de l'exécution du scraper
Sat Mar 22 11:25:01 CET 2025 : Début de l'exécution du scraper
Sat Mar 22 11:25:01 CET 2025 : Prix récupéré = 84365
Sat Mar 22 11:25:01 CET 2025 : Fin de l'exécution du scraper
Sat Mar 22 11:30:01 CET 2025 : Début de l'exécution du scraper
Sat Mar 22 11:30:01 CET 2025 : Prix récupéré = 84358
Sat Mar 22 11:30:01 CET 2025 : Fin de l'exécution du scraper
Sat Mar 22 11:35:01 CET 2025 : Début de l'exécution du scraper
Sat Mar 22 11:35:02 CET 2025 : Prix récupéré = 84325
Sat Mar 22 11:35:02 CET 2025 : Fin de l'exécution du scraper
Sat Mar 22 11:40:01 CET 2025 : Début de l'exécution du scraper
Sat Mar 22 11:40:01 CET 2025 : Prix récupéré = 84373
Sat Mar 22 11:40:01 CET 2025 : Fin de l'exécution du scraper
Sat Mar 22 11:45:01 CET 2025 : Début de l'exécution du scraper
Sat Mar 22 11:45:01 CET 2025 : Prix récupéré = 84381
Sat Mar 22 11:45:01 CET 2025 : Fin de l'exécution du scraper
Sat Mar 22 11:50:01 CET 2025 : Début de l'exécution du scraper
Sat Mar 22 11:50:01 CET 2025 : Prix récupéré = 84346
Sat Mar 22 11:50:01 CET 2025 : Fin de l'exécution du scraper
Sat Mar 22 11:55:01 CET 2025 : Début de l'exécution du scraper
Sat Mar 22 11:55:01 CET 2025 : Prix récupéré = 84414
Sat Mar 22 11:55:01 CET 2025 : Fin de l'exécution du scraper
Sat Mar 22 12:00:01 CET 2025 : Début de l'exécution du scraper
Sat Mar 22 12:00:01 CET 2025 : Prix récupéré = 84395
Sat Mar 22 12:00:01 CET 2025 : Fin de l'exécution du scraper
Sat Mar 22 12:05:02 CET 2025 : Début de l'exécution du scraper
Sat Mar 22 12:05:02 CET 2025 : Prix récupéré = 84371
Sat Mar 22 12:05:02 CET 2025 : Fin de l'exécution du scraper
Sat Mar 22 12:10:01 CET 2025 : Début de l'exécution du scraper
Sat Mar 22 12:10:01 CET 2025 : Prix récupéré = 84339
Sat Mar 22 12:10:01 CET 2025 : Fin de l'exécution du scraper
Sat Mar 22 12:15:01 CET 2025 : Début de l'exécution du scraper
Sat Mar 22 12:15:01 CET 2025 : Prix récupéré = 84278
Sat Mar 22 12:15:01 CET 2025 : Fin de l'exécution du scraper
Sat Mar 22 12:20:01 CET 2025 : Début de l'exécution du scraper
Sat Mar 22 12:20:01 CET 2025 : Prix récupéré = 84270
Sat Mar 22 12:20:01 CET 2025 : Fin de l'exécution du scraper
Sat Mar 22 12:25:01 CET 2025 : Début de l'exécution du scraper
Sat Mar 22 12:25:01 CET 2025 : Prix récupéré = 84260
Sat Mar 22 12:25:01 CET 2025 : Fin de l'exécution du scraper
Sat Mar 22 12:30:01 CET 2025 : Début de l'exécution du scraper
Sat Mar 22 12:30:01 CET 2025 : Prix récupéré = 84296
Sat Mar 22 12:30:01 CET 2025 : Fin de l'exécution du scraper
Sat Mar 22 12:35:01 CET 2025 : Début de l'exécution du scraper
Sat Mar 22 12:35:02 CET 2025 : Prix récupéré = 84301
Sat Mar 22 12:35:02 CET 2025 : Fin de l'exécution du scraper
Sat Mar 22 12:40:01 CET 2025 : Début de l'exécution du scraper
Sat Mar 22 12:40:01 CET 2025 : Prix récupéré = 84251
Sat Mar 22 12:40:01 CET 2025 : Fin de l'exécution du scraper
Sat Mar 22 12:45:01 CET 2025 : Début de l'exécution du scraper
Sat Mar 22 12:45:01 CET 2025 : Prix récupéré = 84231
Sat Mar 22 12:45:01 CET 2025 : Fin de l'exécution du scraper
Sat Mar 22 12:50:01 CET 2025 : Début de l'exécution du scraper
Sat Mar 22 12:50:01 CET 2025 : Prix récupéré = 84232
Sat Mar 22 12:50:01 CET 2025 : Fin de l'exécution du scraper
Sat Mar 22 12:55:01 CET 2025 : Début de l'exécution du scraper
Sat Mar 22 12:55:01 CET 2025 : Prix récupéré = 84176
Sat Mar 22 12:55:01 CET 2025 : Fin de l'exécution du scraper
Sat Mar 22 13:00:01 CET 2025 : Début de l'exécution du scraper
Sat Mar 22 13:00:01 CET 2025 : Prix récupéré = 84218
Sat Mar 22 13:00:01 CET 2025 : Fin de l'exécution du scraper
Sat Mar 22 13:05:01 CET 2025 : Début de l'exécution du scraper
Sat Mar 22 13:05:01 CET 2025 : Prix récupéré = 84191
Sat Mar 22 13:05:01 CET 2025 : Fin de l'exécution du scraper
Sat Mar 22 13:10:01 CET 2025 : Début de l'exécution du scraper
Sat Mar 22 13:10:02 CET 2025 : Prix récupéré = 84216
Sat Mar 22 13:10:02 CET 2025 : Fin de l'exécution du scraper
Sat Mar 22 13:15:01 CET 2025 : Début de l'exécution du scraper
Sat Mar 22 13:15:01 CET 2025 : Prix récupéré = 84236
Sat Mar 22 13:15:01 CET 2025 : Fin de l'exécution du scraper
Sat Mar 22 13:20:01 CET 2025 : Début de l'exécution du scraper
Sat Mar 22 13:20:01 CET 2025 : Prix récupéré = 84249
Sat Mar 22 13:20:01 CET 2025 : Fin de l'exécution du scraper
Sat Mar 22 13:25:01 CET 2025 : Début de l'exécution du scraper
Sat Mar 22 13:25:01 CET 2025 : Prix récupéré = 84255
Sat Mar 22 13:25:01 CET 2025 : Fin de l'exécution du scraper
Sat Mar 22 13:30:01 CET 2025 : Début de l'exécution du scraper
Sat Mar 22 13:30:01 CET 2025 : Prix récupéré = 84203
Sat Mar 22 13:30:01 CET 2025 : Fin de l'exécution du scraper
Sat Mar 22 13:35:01 CET 2025 : Début de l'exécution du scraper
Sat Mar 22 13:35:01 CET 2025 : Prix récupéré = 84181
Sat Mar 22 13:35:01 CET 2025 : Fin de l'exécution du scraper
Sat Mar 22 13:40:01 CET 2025 : Début de l'exécution du scraper
Sat Mar 22 13:40:01 CET 2025 : Prix récupéré = 84174
Sat Mar 22 13:40:01 CET 2025 : Fin de l'exécution du scraper
Sat Mar 22 13:45:01 CET 2025 : Début de l'exécution du scraper
Sat Mar 22 13:45:01 CET 2025 : Prix récupéré = 84179
Sat Mar 22 13:45:01 CET 2025 : Fin de l'exécution du scraper
Sat Mar 22 13:50:02 CET 2025 : Début de l'exécution du scraper
Sat Mar 22 13:50:02 CET 2025 : Prix récupéré = 84187
Sat Mar 22 13:50:02 CET 2025 : Fin de l'exécution du scraper
Sat Mar 22 13:55:01 CET 2025 : Début de l'exécution du scraper
Sat Mar 22 13:55:01 CET 2025 : Prix récupéré = 84217
Sat Mar 22 13:55:01 CET 2025 : Fin de l'exécution du scraper
Sat Mar 22 14:00:01 CET 2025 : Début de l'exécution du scraper
Sat Mar 22 14:00:01 CET 2025 : Prix récupéré = 84212
Sat Mar 22 14:00:01 CET 2025 : Fin de l'exécution du scraper
Sat Mar 22 14:05:01 CET 2025 : Début de l'exécution du scraper
Sat Mar 22 14:05:01 CET 2025 : Prix récupéré = 84215
Sat Mar 22 14:05:01 CET 2025 : Fin de l'exécution du scraper
Sat Mar 22 14:10:01 CET 2025 : Début de l'exécution du scraper
Sat Mar 22 14:10:01 CET 2025 : Prix récupéré = 84175
Sat Mar 22 14:10:01 CET 2025 : Fin de l'exécution du scraper
Sat Mar 22 14:15:01 CET 2025 : Début de l'exécution du scraper
Sat Mar 22 14:15:01 CET 2025 : Prix récupéré = 84193
Sat Mar 22 14:15:01 CET 2025 : Fin de l'exécution du scraper
Sat Mar 22 14:20:01 CET 2025 : Début de l'exécution du scraper
Sat Mar 22 14:20:02 CET 2025 : Prix récupéré = 84194
Sat Mar 22 14:20:02 CET 2025 : Fin de l'exécution du scraper
Sat Mar 22 14:25:01 CET 2025 : Début de l'exécution du scraper
Sat Mar 22 14:25:01 CET 2025 : Prix récupéré = 84179
Sat Mar 22 14:25:01 CET 2025 : Fin de l'exécution du scraper
Sat Mar 22 14:30:01 CET 2025 : Début de l'exécution du scraper
Sat Mar 22 14:30:01 CET 2025 : Prix récupéré = 84080
Sat Mar 22 14:30:01 CET 2025 : Fin de l'exécution du scraper
Sat Mar 22 14:35:01 CET 2025 : Début de l'exécution du scraper
Sat Mar 22 14:35:01 CET 2025 : Prix récupéré = 84070
Sat Mar 22 14:35:01 CET 2025 : Fin de l'exécution du scraper
Sat Mar 22 14:40:01 CET 2025 : Début de l'exécution du scraper
Sat Mar 22 14:40:01 CET 2025 : Prix récupéré = 84049
Sat Mar 22 14:40:01 CET 2025 : Fin de l'exécution du scraper
Sat Mar 22 14:45:01 CET 2025 : Début de l'exécution du scraper
Sat Mar 22 14:45:02 CET 2025 : Prix récupéré = 84115
Sat Mar 22 14:45:02 CET 2025 : Fin de l'exécution du scraper
Sat Mar 22 14:50:01 CET 2025 : Début de l'exécution du scraper
Sat Mar 22 14:50:01 CET 2025 : Prix récupéré = 84119
Sat Mar 22 14:50:01 CET 2025 : Fin de l'exécution du scraper
Sat Mar 22 14:55:01 CET 2025 : Début de l'exécution du scraper
Sat Mar 22 14:55:01 CET 2025 : Prix récupéré = 84122
Sat Mar 22 14:55:01 CET 2025 : Fin de l'exécution du scraper
Sat Mar 22 15:00:01 CET 2025 : Début de l'exécution du scraper
Sat Mar 22 15:00:01 CET 2025 : Prix récupéré = 84161
Sat Mar 22 15:00:01 CET 2025 : Fin de l'exécution du scraper
Sat Mar 22 15:05:01 CET 2025 : Début de l'exécution du scraper
Sat Mar 22 15:05:01 CET 2025 : Prix récupéré = 84106
Sat Mar 22 15:05:01 CET 2025 : Fin de l'exécution du scraper
Sat Mar 22 15:10:01 CET 2025 : Début de l'exécution du scraper
Sat Mar 22 15:10:01 CET 2025 : Prix récupéré = 84111
Sat Mar 22 15:10:01 CET 2025 : Fin de l'exécution du scraper
Sat Mar 22 15:15:01 CET 2025 : Début de l'exécution du scraper
Sat Mar 22 15:15:01 CET 2025 : Prix récupéré = 84131
Sat Mar 22 15:15:01 CET 2025 : Fin de l'exécution du scraper
Sat Mar 22 15:20:01 CET 2025 : Début de l'exécution du scraper
Sat Mar 22 15:20:02 CET 2025 : Prix récupéré = 84180
Sat Mar 22 15:20:02 CET 2025 : Fin de l'exécution du scraper
Sat Mar 22 15:25:01 CET 2025 : Début de l'exécution du scraper
Sat Mar 22 15:25:01 CET 2025 : Prix récupéré = 84143
Sat Mar 22 15:25:01 CET 2025 : Fin de l'exécution du scraper
Sat Mar 22 15:30:01 CET 2025 : Début de l'exécution du scraper
Sat Mar 22 15:30:01 CET 2025 : Prix récupéré = 84080
Sat Mar 22 15:30:01 CET 2025 : Fin de l'exécution du scraper
Sat Mar 22 15:35:01 CET 2025 : Début de l'exécution du scraper
Sat Mar 22 15:35:01 CET 2025 : Prix récupéré = 84070
Sat Mar 22 15:35:01 CET 2025 : Fin de l'exécution du scraper
Sat Mar 22 15:40:01 CET 2025 : Début de l'exécution du scraper
Sat Mar 22 15:40:01 CET 2025 : Prix récupéré = 84068
Sat Mar 22 15:40:01 CET 2025 : Fin de l'exécution du scraper
Sat Mar 22 15:45:01 CET 2025 : Début de l'exécution du scraper
Sat Mar 22 15:45:02 CET 2025 : Prix récupéré = 84052
Sat Mar 22 15:45:02 CET 2025 : Fin de l'exécution du scraper
Sat Mar 22 15:50:01 CET 2025 : Début de l'exécution du scraper
Sat Mar 22 15:50:01 CET 2025 : Prix récupéré = 84031
Sat Mar 22 15:50:01 CET 2025 : Fin de l'exécution du scraper
Sat Mar 22 15:55:01 CET 2025 : Début de l'exécution du scraper
Sat Mar 22 15:55:01 CET 2025 : Prix récupéré = 83985
Sat Mar 22 15:55:01 CET 2025 : Fin de l'exécution du scraper
Sat Mar 22 16:00:01 CET 2025 : Début de l'exécution du scraper
Sat Mar 22 16:00:01 CET 2025 : Prix récupéré = 84021
Sat Mar 22 16:00:01 CET 2025 : Fin de l'exécution du scraper
Sat Mar 22 16:05:01 CET 2025 : Début de l'exécution du scraper
Sat Mar 22 16:05:01 CET 2025 : Prix récupéré = 83974
Sat Mar 22 16:05:01 CET 2025 : Fin de l'exécution du scraper
Sat Mar 22 16:10:01 CET 2025 : Début de l'exécution du scraper
Sat Mar 22 16:10:01 CET 2025 : Prix récupéré = 83992
Sat Mar 22 16:10:01 CET 2025 : Fin de l'exécution du scraper
Sat Mar 22 16:15:01 CET 2025 : Début de l'exécution du scraper
Sat Mar 22 16:15:02 CET 2025 : Prix récupéré = 84036
Sat Mar 22 16:15:02 CET 2025 : Fin de l'exécution du scraper
Sat Mar 22 16:20:01 CET 2025 : Début de l'exécution du scraper
Sat Mar 22 16:20:01 CET 2025 : Prix récupéré = 84019
Sat Mar 22 16:20:01 CET 2025 : Fin de l'exécution du scraper
Sat Mar 22 16:25:01 CET 2025 : Début de l'exécution du scraper
Sat Mar 22 16:25:01 CET 2025 : Prix récupéré = 84033
Sat Mar 22 16:25:01 CET 2025 : Fin de l'exécution du scraper
Sat Mar 22 16:30:01 CET 2025 : Début de l'exécution du scraper
Sat Mar 22 16:30:01 CET 2025 : Prix récupéré = 83998
Sat Mar 22 16:30:01 CET 2025 : Fin de l'exécution du scraper
Sat Mar 22 16:35:01 CET 2025 : Début de l'exécution du scraper
Sat Mar 22 16:35:01 CET 2025 : Prix récupéré = 83977
Sat Mar 22 16:35:01 CET 2025 : Fin de l'exécution du scraper
Sat Mar 22 16:40:01 CET 2025 : Début de l'exécution du scraper
Sat Mar 22 16:40:01 CET 2025 : Prix récupéré = 84042
Sat Mar 22 16:40:01 CET 2025 : Fin de l'exécution du scraper
Sat Mar 22 16:45:01 CET 2025 : Début de l'exécution du scraper
Sat Mar 22 16:45:02 CET 2025 : Prix récupéré = 84041
Sat Mar 22 16:45:02 CET 2025 : Fin de l'exécution du scraper
Sat Mar 22 16:50:01 CET 2025 : Début de l'exécution du scraper
Sat Mar 22 16:50:01 CET 2025 : Prix récupéré = 84039
Sat Mar 22 16:50:01 CET 2025 : Fin de l'exécution du scraper
Sat Mar 22 16:55:01 CET 2025 : Début de l'exécution du scraper
Sat Mar 22 16:55:01 CET 2025 : Prix récupéré = 84040
Sat Mar 22 16:55:01 CET 2025 : Fin de l'exécution du scraper
Sat Mar 22 17:00:01 CET 2025 : Début de l'exécution du scraper
Sat Mar 22 17:00:01 CET 2025 : Prix récupéré = 84112
Sat Mar 22 17:00:01 CET 2025 : Fin de l'exécution du scraper
Sat Mar 22 17:05:01 CET 2025 : Début de l'exécution du scraper
Sat Mar 22 17:05:01 CET 2025 : Prix récupéré = 84067
Sat Mar 22 17:05:01 CET 2025 : Fin de l'exécution du scraper
Sat Mar 22 17:10:01 CET 2025 : Début de l'exécution du scraper
Sat Mar 22 17:10:01 CET 2025 : Prix récupéré = 84055
Sat Mar 22 17:10:01 CET 2025 : Fin de l'exécution du scraper
Sat Mar 22 17:15:01 CET 2025 : Début de l'exécution du scraper
Sat Mar 22 17:15:02 CET 2025 : Prix récupéré = 84088
Sat Mar 22 17:15:02 CET 2025 : Fin de l'exécution du scraper
Sat Mar 22 17:20:01 CET 2025 : Début de l'exécution du scraper
Sat Mar 22 17:20:01 CET 2025 : Prix récupéré = 84089
Sat Mar 22 17:20:01 CET 2025 : Fin de l'exécution du scraper
Sat Mar 22 17:25:01 CET 2025 : Début de l'exécution du scraper
Sat Mar 22 17:25:01 CET 2025 : Prix récupéré = 84106
Sat Mar 22 17:25:01 CET 2025 : Fin de l'exécution du scraper
Sat Mar 22 17:30:01 CET 2025 : Début de l'exécution du scraper
Sat Mar 22 17:30:01 CET 2025 : Prix récupéré = 84115
Sat Mar 22 17:30:01 CET 2025 : Fin de l'exécution du scraper
Sat Mar 22 17:35:01 CET 2025 : Début de l'exécution du scraper
Sat Mar 22 17:35:01 CET 2025 : Prix récupéré = 84116
Sat Mar 22 17:35:01 CET 2025 : Fin de l'exécution du scraper
Sat Mar 22 17:40:01 CET 2025 : Début de l'exécution du scraper
Sat Mar 22 17:40:01 CET 2025 : Prix récupéré = 84093
Sat Mar 22 17:40:01 CET 2025 : Fin de l'exécution du scraper
Sat Mar 22 17:45:01 CET 2025 : Début de l'exécution du scraper
Sat Mar 22 17:45:02 CET 2025 : Prix récupéré = 84115
Sat Mar 22 17:45:02 CET 2025 : Fin de l'exécution du scraper
Sat Mar 22 17:50:01 CET 2025 : Début de l'exécution du scraper
Sat Mar 22 17:50:01 CET 2025 : Prix récupéré = 84073
Sat Mar 22 17:50:01 CET 2025 : Fin de l'exécution du scraper
Sat Mar 22 17:55:01 CET 2025 : Début de l'exécution du scraper
Sat Mar 22 17:55:01 CET 2025 : Prix récupéré = 84114
Sat Mar 22 17:55:01 CET 2025 : Fin de l'exécution du scraper
Sat Mar 22 18:00:01 CET 2025 : Début de l'exécution du scraper
Sat Mar 22 18:00:01 CET 2025 : Prix récupéré = 84127
Sat Mar 22 18:00:01 CET 2025 : Fin de l'exécution du scraper
Sat Mar 22 18:05:01 CET 2025 : Début de l'exécution du scraper
Sat Mar 22 18:05:01 CET 2025 : Prix récupéré = 84123
Sat Mar 22 18:05:01 CET 2025 : Fin de l'exécution du scraper
Sat Mar 22 18:10:01 CET 2025 : Début de l'exécution du scraper
Sat Mar 22 18:10:01 CET 2025 : Prix récupéré = 84123
Sat Mar 22 18:10:02 CET 2025 : Fin de l'exécution du scraper
Sat Mar 22 18:15:01 CET 2025 : Début de l'exécution du scraper
Sat Mar 22 18:15:01 CET 2025 : Prix récupéré = 84136
Sat Mar 22 18:15:01 CET 2025 : Fin de l'exécution du scraper
Sat Mar 22 18:20:01 CET 2025 : Début de l'exécution du scraper
Sat Mar 22 18:20:01 CET 2025 : Prix récupéré = 84119
Sat Mar 22 18:20:01 CET 2025 : Fin de l'exécution du scraper
Sat Mar 22 18:25:01 CET 2025 : Début de l'exécution du scraper
Sat Mar 22 18:25:01 CET 2025 : Prix récupéré = 84118
Sat Mar 22 18:25:01 CET 2025 : Fin de l'exécution du scraper
Sat Mar 22 18:30:01 CET 2025 : Début de l'exécution du scraper
Sat Mar 22 18:30:01 CET 2025 : Prix récupéré = 84179
Sat Mar 22 18:30:01 CET 2025 : Fin de l'exécution du scraper
Sat Mar 22 18:35:01 CET 2025 : Début de l'exécution du scraper
Sat Mar 22 18:35:01 CET 2025 : Prix récupéré = 84163
Sat Mar 22 18:35:01 CET 2025 : Fin de l'exécution du scraper
Sat Mar 22 18:40:01 CET 2025 : Début de l'exécution du scraper
Sat Mar 22 18:40:02 CET 2025 : Prix récupéré = 84159
Sat Mar 22 18:40:02 CET 2025 : Fin de l'exécution du scraper
Sat Mar 22 18:45:01 CET 2025 : Début de l'exécution du scraper
Sat Mar 22 18:45:01 CET 2025 : Prix récupéré = 84187
Sat Mar 22 18:45:01 CET 2025 : Fin de l'exécution du scraper
Sat Mar 22 18:50:01 CET 2025 : Début de l'exécution du scraper
Sat Mar 22 18:50:01 CET 2025 : Prix récupéré = 84181
Sat Mar 22 18:50:01 CET 2025 : Fin de l'exécution du scraper
Sat Mar 22 18:55:01 CET 2025 : Début de l'exécution du scraper
Sat Mar 22 18:55:01 CET 2025 : Prix récupéré = 84254
Sat Mar 22 18:55:01 CET 2025 : Fin de l'exécution du scraper
Sat Mar 22 19:00:01 CET 2025 : Début de l'exécution du scraper
Sat Mar 22 19:00:01 CET 2025 : Prix récupéré = 84233
Sat Mar 22 19:00:01 CET 2025 : Fin de l'exécution du scraper
Sat Mar 22 19:05:01 CET 2025 : Début de l'exécution du scraper
Sat Mar 22 19:05:01 CET 2025 : Prix récupéré = 84246
Sat Mar 22 19:05:01 CET 2025 : Fin de l'exécution du scraper
Sat Mar 22 19:10:01 CET 2025 : Début de l'exécution du scraper
Sat Mar 22 19:10:02 CET 2025 : Prix récupéré = 84193
Sat Mar 22 19:10:02 CET 2025 : Fin de l'exécution du scraper
Sat Mar 22 19:15:01 CET 2025 : Début de l'exécution du scraper
Sat Mar 22 19:15:01 CET 2025 : Prix récupéré = 84230
Sat Mar 22 19:15:01 CET 2025 : Fin de l'exécution du scraper
Sat Mar 22 19:20:01 CET 2025 : Début de l'exécution du scraper
Sat Mar 22 19:20:01 CET 2025 : Prix récupéré = 84257
Sat Mar 22 19:20:01 CET 2025 : Fin de l'exécution du scraper
Sat Mar 22 19:25:01 CET 2025 : Début de l'exécution du scraper
Sat Mar 22 19:25:01 CET 2025 : Prix récupéré = 84278
Sat Mar 22 19:25:01 CET 2025 : Fin de l'exécution du scraper
Sat Mar 22 19:30:01 CET 2025 : Début de l'exécution du scraper
Sat Mar 22 19:30:01 CET 2025 : Prix récupéré = 84243
Sat Mar 22 19:30:01 CET 2025 : Fin de l'exécution du scraper
Sat Mar 22 19:35:01 CET 2025 : Début de l'exécution du scraper
Sat Mar 22 19:35:01 CET 2025 : Prix récupéré = 84195
Sat Mar 22 19:35:01 CET 2025 : Fin de l'exécution du scraper
Sat Mar 22 19:40:01 CET 2025 : Début de l'exécution du scraper
Sat Mar 22 19:40:02 CET 2025 : Prix récupéré = 84193
Sat Mar 22 19:40:02 CET 2025 : Fin de l'exécution du scraper
Sat Mar 22 19:45:01 CET 2025 : Début de l'exécution du scraper
Sat Mar 22 19:45:01 CET 2025 : Prix récupéré = 84251
Sat Mar 22 19:45:01 CET 2025 : Fin de l'exécution du scraper
Sat Mar 22 19:50:01 CET 2025 : Début de l'exécution du scraper
Sat Mar 22 19:50:01 CET 2025 : Prix récupéré = 84287
Sat Mar 22 19:50:01 CET 2025 : Fin de l'exécution du scraper
Sat Mar 22 19:55:01 CET 2025 : Début de l'exécution du scraper
Sat Mar 22 19:55:01 CET 2025 : Prix récupéré = 84256
Sat Mar 22 19:55:01 CET 2025 : Fin de l'exécution du scraper
Sat Mar 22 20:00:01 CET 2025 : Début de l'exécution du scraper
Sat Mar 22 20:00:01 CET 2025 : Prix récupéré = 84253
Sat Mar 22 20:00:01 CET 2025 : Fin de l'exécution du scraper
Sat Mar 22 20:05:01 CET 2025 : Début de l'exécution du scraper
Sat Mar 22 20:05:01 CET 2025 : Prix récupéré = 84189
Sat Mar 22 20:05:01 CET 2025 : Fin de l'exécution du scraper
Sat Mar 22 20:10:01 CET 2025 : Début de l'exécution du scraper
Sat Mar 22 20:10:02 CET 2025 : Prix récupéré = 84224
Sat Mar 22 20:10:02 CET 2025 : Fin de l'exécution du scraper
Sat Mar 22 20:15:01 CET 2025 : Début de l'exécution du scraper
Sat Mar 22 20:15:01 CET 2025 : Prix récupéré = 84239
Sat Mar 22 20:15:01 CET 2025 : Fin de l'exécution du scraper
Sat Mar 22 20:20:01 CET 2025 : Début de l'exécution du scraper
Sat Mar 22 20:20:01 CET 2025 : Prix récupéré = 84198
Sat Mar 22 20:20:01 CET 2025 : Fin de l'exécution du scraper
Sat Mar 22 20:25:01 CET 2025 : Début de l'exécution du scraper
Sat Mar 22 20:25:01 CET 2025 : Prix récupéré = 84225
Sat Mar 22 20:25:01 CET 2025 : Fin de l'exécution du scraper
Sat Mar 22 20:30:01 CET 2025 : Début de l'exécution du scraper
Sat Mar 22 20:30:01 CET 2025 : Prix récupéré = 84188
Sat Mar 22 20:30:01 CET 2025 : Fin de l'exécution du scraper
Sat Mar 22 20:35:01 CET 2025 : Début de l'exécution du scraper
Sat Mar 22 20:35:01 CET 2025 : Prix récupéré = 84212
Sat Mar 22 20:35:01 CET 2025 : Fin de l'exécution du scraper
Sat Mar 22 20:40:01 CET 2025 : Début de l'exécution du scraper
Sat Mar 22 20:40:02 CET 2025 : Prix récupéré = 84222
Sat Mar 22 20:40:02 CET 2025 : Fin de l'exécution du scraper
Sat Mar 22 20:45:01 CET 2025 : Début de l'exécution du scraper
Sat Mar 22 20:45:01 CET 2025 : Prix récupéré = 84197
Sat Mar 22 20:45:01 CET 2025 : Fin de l'exécution du scraper
Sat Mar 22 20:50:01 CET 2025 : Début de l'exécution du scraper
Sat Mar 22 20:50:01 CET 2025 : Prix récupéré = 84202
Sat Mar 22 20:50:01 CET 2025 : Fin de l'exécution du scraper
Sat Mar 22 20:55:01 CET 2025 : Début de l'exécution du scraper
Sat Mar 22 20:55:01 CET 2025 : Prix récupéré = 84155
Sat Mar 22 20:55:01 CET 2025 : Fin de l'exécution du scraper
Sat Mar 22 21:00:01 CET 2025 : Début de l'exécution du scraper
Sat Mar 22 21:00:01 CET 2025 : Prix récupéré = 84152
Sat Mar 22 21:00:01 CET 2025 : Fin de l'exécution du scraper
Sat Mar 22 21:05:01 CET 2025 : Début de l'exécution du scraper
Sat Mar 22 21:05:01 CET 2025 : Prix récupéré = 84171
Sat Mar 22 21:05:01 CET 2025 : Fin de l'exécution du scraper
Sat Mar 22 21:10:01 CET 2025 : Début de l'exécution du scraper
Sat Mar 22 21:10:02 CET 2025 : Prix récupéré = 84165
Sat Mar 22 21:10:02 CET 2025 : Fin de l'exécution du scraper
Sat Mar 22 21:15:01 CET 2025 : Début de l'exécution du scraper
Sat Mar 22 21:15:01 CET 2025 : Prix récupéré = 84196
Sat Mar 22 21:15:01 CET 2025 : Fin de l'exécution du scraper
Sat Mar 22 21:20:01 CET 2025 : Début de l'exécution du scraper
Sat Mar 22 21:20:01 CET 2025 : Prix récupéré = 84153
Sat Mar 22 21:20:01 CET 2025 : Fin de l'exécution du scraper
Sat Mar 22 21:25:01 CET 2025 : Début de l'exécution du scraper
Sat Mar 22 21:25:01 CET 2025 : Prix récupéré = 84133
Sat Mar 22 21:25:01 CET 2025 : Fin de l'exécution du scraper
Sat Mar 22 21:30:01 CET 2025 : Début de l'exécution du scraper
Sat Mar 22 21:30:01 CET 2025 : Prix récupéré = 84162
Sat Mar 22 21:30:01 CET 2025 : Fin de l'exécution du scraper
Sat Mar 22 21:35:01 CET 2025 : Début de l'exécution du scraper
Sat Mar 22 21:35:01 CET 2025 : Prix récupéré = 84188
Sat Mar 22 21:35:01 CET 2025 : Fin de l'exécution du scraper
Sat Mar 22 21:40:01 CET 2025 : Début de l'exécution du scraper
Sat Mar 22 21:40:01 CET 2025 : Prix récupéré = 84191
Sat Mar 22 21:40:01 CET 2025 : Fin de l'exécution du scraper
Sat Mar 22 21:45:01 CET 2025 : Début de l'exécution du scraper
Sat Mar 22 21:45:02 CET 2025 : Prix récupéré = 84150
Sat Mar 22 21:45:02 CET 2025 : Fin de l'exécution du scraper
Sat Mar 22 21:50:01 CET 2025 : Début de l'exécution du scraper
Sat Mar 22 21:50:01 CET 2025 : Prix récupéré = 84120
Sat Mar 22 21:50:01 CET 2025 : Fin de l'exécution du scraper
Sat Mar 22 21:55:01 CET 2025 : Début de l'exécution du scraper
Sat Mar 22 21:55:01 CET 2025 : Prix récupéré = 84039
Sat Mar 22 21:55:01 CET 2025 : Fin de l'exécution du scraper
Sat Mar 22 22:00:01 CET 2025 : Début de l'exécution du scraper
Sat Mar 22 22:00:01 CET 2025 : Prix récupéré = 83991
Sat Mar 22 22:00:01 CET 2025 : Fin de l'exécution du scraper
Sat Mar 22 22:05:01 CET 2025 : Début de l'exécution du scraper
Sat Mar 22 22:05:01 CET 2025 : Prix récupéré = 83864
Sat Mar 22 22:05:01 CET 2025 : Fin de l'exécution du scraper
Sat Mar 22 22:10:01 CET 2025 : Début de l'exécution du scraper
Sat Mar 22 22:10:01 CET 2025 : Prix récupéré = 83925
Sat Mar 22 22:10:01 CET 2025 : Fin de l'exécution du scraper
Sat Mar 22 22:15:01 CET 2025 : Début de l'exécution du scraper
Sat Mar 22 22:15:02 CET 2025 : Prix récupéré = 84055
Sat Mar 22 22:15:02 CET 2025 : Fin de l'exécution du scraper
Sat Mar 22 22:20:01 CET 2025 : Début de l'exécution du scraper
Sat Mar 22 22:20:01 CET 2025 : Prix récupéré = 84056
Sat Mar 22 22:20:01 CET 2025 : Fin de l'exécution du scraper
Sat Mar 22 22:25:01 CET 2025 : Début de l'exécution du scraper
Sat Mar 22 22:25:01 CET 2025 : Prix récupéré = 84023
Sat Mar 22 22:25:01 CET 2025 : Fin de l'exécution du scraper
Sat Mar 22 22:30:01 CET 2025 : Début de l'exécution du scraper
Sat Mar 22 22:30:01 CET 2025 : Prix récupéré = 84013
Sat Mar 22 22:30:01 CET 2025 : Fin de l'exécution du scraper
Sat Mar 22 22:35:01 CET 2025 : Début de l'exécution du scraper
Sat Mar 22 22:35:01 CET 2025 : Prix récupéré = 84035
Sat Mar 22 22:35:01 CET 2025 : Fin de l'exécution du scraper
Sat Mar 22 22:40:01 CET 2025 : Début de l'exécution du scraper
Sat Mar 22 22:40:02 CET 2025 : Prix récupéré = 83998
Sat Mar 22 22:40:02 CET 2025 : Fin de l'exécution du scraper
Sat Mar 22 22:45:01 CET 2025 : Début de l'exécution du scraper
Sat Mar 22 22:45:01 CET 2025 : Prix récupéré = 83951
Sat Mar 22 22:45:01 CET 2025 : Fin de l'exécution du scraper
Sat Mar 22 22:50:01 CET 2025 : Début de l'exécution du scraper
Sat Mar 22 22:50:01 CET 2025 : Prix récupéré = 84024
Sat Mar 22 22:50:01 CET 2025 : Fin de l'exécution du scraper
Sat Mar 22 22:55:01 CET 2025 : Début de l'exécution du scraper
Sat Mar 22 22:55:01 CET 2025 : Prix récupéré = 84038
Sat Mar 22 22:55:01 CET 2025 : Fin de l'exécution du scraper
Sat Mar 22 23:00:01 CET 2025 : Début de l'exécution du scraper
Sat Mar 22 23:00:01 CET 2025 : Prix récupéré = 84008
Sat Mar 22 23:00:01 CET 2025 : Fin de l'exécution du scraper
Sat Mar 22 23:05:01 CET 2025 : Début de l'exécution du scraper
Sat Mar 22 23:05:01 CET 2025 : Prix récupéré = 84010
Sat Mar 22 23:05:01 CET 2025 : Fin de l'exécution du scraper
Sat Mar 22 23:10:01 CET 2025 : Début de l'exécution du scraper
Sat Mar 22 23:10:01 CET 2025 : Prix récupéré = 84005
Sat Mar 22 23:10:01 CET 2025 : Fin de l'exécution du scraper
Sat Mar 22 23:15:01 CET 2025 : Début de l'exécution du scraper
Sat Mar 22 23:15:02 CET 2025 : Prix récupéré = 84016
Sat Mar 22 23:15:02 CET 2025 : Fin de l'exécution du scraper
Sat Mar 22 23:20:01 CET 2025 : Début de l'exécution du scraper
Sat Mar 22 23:20:01 CET 2025 : Prix récupéré = 84039
Sat Mar 22 23:20:01 CET 2025 : Fin de l'exécution du scraper
Sat Mar 22 23:25:01 CET 2025 : Début de l'exécution du scraper
Sat Mar 22 23:25:01 CET 2025 : Prix récupéré = 84060
Sat Mar 22 23:25:01 CET 2025 : Fin de l'exécution du scraper
Sat Mar 22 23:30:01 CET 2025 : Début de l'exécution du scraper
Sat Mar 22 23:30:01 CET 2025 : Prix récupéré = 84009
Sat Mar 22 23:30:01 CET 2025 : Fin de l'exécution du scraper
Sat Mar 22 23:35:01 CET 2025 : Début de l'exécution du scraper
Sat Mar 22 23:35:01 CET 2025 : Prix récupéré = 84012
Sat Mar 22 23:35:01 CET 2025 : Fin de l'exécution du scraper
Sat Mar 22 23:40:01 CET 2025 : Début de l'exécution du scraper
Sat Mar 22 23:40:01 CET 2025 : Prix récupéré = 83982
Sat Mar 22 23:40:01 CET 2025 : Fin de l'exécution du scraper
Sat Mar 22 23:45:01 CET 2025 : Début de l'exécution du scraper
Sat Mar 22 23:45:01 CET 2025 : Prix récupéré = 83983
Sat Mar 22 23:45:01 CET 2025 : Fin de l'exécution du scraper
Sat Mar 22 23:50:01 CET 2025 : Début de l'exécution du scraper
Sat Mar 22 23:50:01 CET 2025 : Prix récupéré = 83985
Sat Mar 22 23:50:01 CET 2025 : Fin de l'exécution du scraper
Sat Mar 22 23:55:01 CET 2025 : Début de l'exécution du scraper
Sat Mar 22 23:55:01 CET 2025 : Prix récupéré = 83972
Sat Mar 22 23:55:01 CET 2025 : Fin de l'exécution du scraper
Sun Mar 23 00:00:01 CET 2025 : Début de l'exécution du scraper
Sun Mar 23 00:00:01 CET 2025 : Prix récupéré = 83945
Sun Mar 23 00:00:01 CET 2025 : Fin de l'exécution du scraper
Sun Mar 23 00:05:01 CET 2025 : Début de l'exécution du scraper
Sun Mar 23 00:05:01 CET 2025 : Prix récupéré = 83939
Sun Mar 23 00:05:01 CET 2025 : Fin de l'exécution du scraper
Sun Mar 23 00:10:01 CET 2025 : Début de l'exécution du scraper
Sun Mar 23 00:10:01 CET 2025 : Prix récupéré = 83844
Sun Mar 23 00:10:01 CET 2025 : Fin de l'exécution du scraper
Sun Mar 23 00:15:01 CET 2025 : Début de l'exécution du scraper
Sun Mar 23 00:15:01 CET 2025 : Prix récupéré = 83859
Sun Mar 23 00:15:01 CET 2025 : Fin de l'exécution du scraper
Sun Mar 23 00:20:01 CET 2025 : Début de l'exécution du scraper
Sun Mar 23 00:20:01 CET 2025 : Prix récupéré = 83903
Sun Mar 23 00:20:01 CET 2025 : Fin de l'exécution du scraper
Sun Mar 23 00:25:01 CET 2025 : Début de l'exécution du scraper
Sun Mar 23 00:25:01 CET 2025 : Prix récupéré = 83909
Sun Mar 23 00:25:01 CET 2025 : Fin de l'exécution du scraper
Sun Mar 23 00:30:01 CET 2025 : Début de l'exécution du scraper
Sun Mar 23 00:30:01 CET 2025 : Prix récupéré = 83893
Sun Mar 23 00:30:01 CET 2025 : Fin de l'exécution du scraper
Sun Mar 23 00:35:01 CET 2025 : Début de l'exécution du scraper
Sun Mar 23 00:35:01 CET 2025 : Prix récupéré = 83865
Sun Mar 23 00:35:01 CET 2025 : Fin de l'exécution du scraper
Sun Mar 23 00:40:01 CET 2025 : Début de l'exécution du scraper
Sun Mar 23 00:40:01 CET 2025 : Prix récupéré = 83705
Sun Mar 23 00:40:01 CET 2025 : Fin de l'exécution du scraper
Sun Mar 23 00:45:01 CET 2025 : Début de l'exécution du scraper
Sun Mar 23 00:45:02 CET 2025 : Prix récupéré = 83748
Sun Mar 23 00:45:02 CET 2025 : Fin de l'exécution du scraper
Sun Mar 23 00:50:01 CET 2025 : Début de l'exécution du scraper
Sun Mar 23 00:50:01 CET 2025 : Prix récupéré = 83739
Sun Mar 23 00:50:01 CET 2025 : Fin de l'exécution du scraper
Sun Mar 23 00:55:01 CET 2025 : Début de l'exécution du scraper
Sun Mar 23 00:55:01 CET 2025 : Prix récupéré = 83803
Sun Mar 23 00:55:01 CET 2025 : Fin de l'exécution du scraper
Sun Mar 23 01:00:01 CET 2025 : Début de l'exécution du scraper
Sun Mar 23 01:00:01 CET 2025 : Prix récupéré = 83825
Sun Mar 23 01:00:01 CET 2025 : Fin de l'exécution du scraper
Sun Mar 23 01:05:01 CET 2025 : Début de l'exécution du scraper
Sun Mar 23 01:05:01 CET 2025 : Prix récupéré = 83809
Sun Mar 23 01:05:01 CET 2025 : Fin de l'exécution du scraper
Sun Mar 23 01:10:01 CET 2025 : Début de l'exécution du scraper
Sun Mar 23 01:10:01 CET 2025 : Prix récupéré = 83857
Sun Mar 23 01:10:01 CET 2025 : Fin de l'exécution du scraper
Sun Mar 23 01:15:01 CET 2025 : Début de l'exécution du scraper
Sun Mar 23 01:15:02 CET 2025 : Prix récupéré = 83881
Sun Mar 23 01:15:02 CET 2025 : Fin de l'exécution du scraper
Sun Mar 23 01:20:01 CET 2025 : Début de l'exécution du scraper
Sun Mar 23 01:20:01 CET 2025 : Prix récupéré = 83940
Sun Mar 23 01:20:01 CET 2025 : Fin de l'exécution du scraper
Sun Mar 23 01:25:01 CET 2025 : Début de l'exécution du scraper
Sun Mar 23 01:25:01 CET 2025 : Prix récupéré = 83968
Sun Mar 23 01:25:01 CET 2025 : Fin de l'exécution du scraper
Sun Mar 23 01:30:01 CET 2025 : Début de l'exécution du scraper
Sun Mar 23 01:30:01 CET 2025 : Prix récupéré = 84021
Sun Mar 23 01:30:01 CET 2025 : Fin de l'exécution du scraper
Sun Mar 23 01:35:01 CET 2025 : Début de l'exécution du scraper
Sun Mar 23 01:35:02 CET 2025 : Prix récupéré = 83945
Sun Mar 23 01:35:02 CET 2025 : Fin de l'exécution du scraper
Sun Mar 23 01:40:01 CET 2025 : Début de l'exécution du scraper
Sun Mar 23 01:40:01 CET 2025 : Prix récupéré = 84033
Sun Mar 23 01:40:01 CET 2025 : Fin de l'exécution du scraper
Sun Mar 23 01:45:01 CET 2025 : Début de l'exécution du scraper
Sun Mar 23 01:45:01 CET 2025 : Prix récupéré = 84031
Sun Mar 23 01:45:01 CET 2025 : Fin de l'exécution du scraper
Sun Mar 23 01:50:01 CET 2025 : Début de l'exécution du scraper
Sun Mar 23 01:50:01 CET 2025 : Prix récupéré = 83999
Sun Mar 23 01:50:01 CET 2025 : Fin de l'exécution du scraper
Sun Mar 23 01:55:01 CET 2025 : Début de l'exécution du scraper
Sun Mar 23 01:55:01 CET 2025 : Prix récupéré = 83977
Sun Mar 23 01:55:01 CET 2025 : Fin de l'exécution du scraper
Sun Mar 23 02:00:01 CET 2025 : Début de l'exécution du scraper
Sun Mar 23 02:00:01 CET 2025 : Prix récupéré = 83998
Sun Mar 23 02:00:01 CET 2025 : Fin de l'exécution du scraper
Sun Mar 23 02:05:01 CET 2025 : Début de l'exécution du scraper
Sun Mar 23 02:05:01 CET 2025 : Prix récupéré = 84017
Sun Mar 23 02:05:01 CET 2025 : Fin de l'exécution du scraper
Sun Mar 23 02:10:01 CET 2025 : Début de l'exécution du scraper
Sun Mar 23 02:10:02 CET 2025 : Prix récupéré = 83974
Sun Mar 23 02:10:02 CET 2025 : Fin de l'exécution du scraper
Sun Mar 23 02:15:01 CET 2025 : Début de l'exécution du scraper
Sun Mar 23 02:15:01 CET 2025 : Prix récupéré = 84005
Sun Mar 23 02:15:01 CET 2025 : Fin de l'exécution du scraper
Sun Mar 23 02:20:01 CET 2025 : Début de l'exécution du scraper
Sun Mar 23 02:20:01 CET 2025 : Prix récupéré = 84086
Sun Mar 23 02:20:01 CET 2025 : Fin de l'exécution du scraper
Sun Mar 23 02:25:01 CET 2025 : Début de l'exécution du scraper
Sun Mar 23 02:25:01 CET 2025 : Prix récupéré = 84108
Sun Mar 23 02:25:01 CET 2025 : Fin de l'exécution du scraper
Sun Mar 23 02:30:01 CET 2025 : Début de l'exécution du scraper
Sun Mar 23 02:30:01 CET 2025 : Prix récupéré = 84104
Sun Mar 23 02:30:01 CET 2025 : Fin de l'exécution du scraper
Sun Mar 23 02:35:01 CET 2025 : Début de l'exécution du scraper
Sun Mar 23 02:35:01 CET 2025 : Prix récupéré = 84047
Sun Mar 23 02:35:01 CET 2025 : Fin de l'exécution du scraper
Sun Mar 23 02:40:01 CET 2025 : Début de l'exécution du scraper
Sun Mar 23 02:40:01 CET 2025 : Prix récupéré = 84048
Sun Mar 23 02:40:01 CET 2025 : Fin de l'exécution du scraper
Sun Mar 23 02:45:01 CET 2025 : Début de l'exécution du scraper
Sun Mar 23 02:45:01 CET 2025 : Prix récupéré = 84104
Sun Mar 23 02:45:01 CET 2025 : Fin de l'exécution du scraper
Sun Mar 23 02:50:01 CET 2025 : Début de l'exécution du scraper
Sun Mar 23 02:50:02 CET 2025 : Prix récupéré = 84072
Sun Mar 23 02:50:02 CET 2025 : Fin de l'exécution du scraper
Sun Mar 23 02:55:01 CET 2025 : Début de l'exécution du scraper
Sun Mar 23 02:55:01 CET 2025 : Prix récupéré = 84027
Sun Mar 23 02:55:01 CET 2025 : Fin de l'exécution du scraper
Sun Mar 23 03:00:01 CET 2025 : Début de l'exécution du scraper
Sun Mar 23 03:00:01 CET 2025 : Prix récupéré = 84057
Sun Mar 23 03:00:01 CET 2025 : Fin de l'exécution du scraper
Sun Mar 23 03:05:01 CET 2025 : Début de l'exécution du scraper
Sun Mar 23 03:05:01 CET 2025 : Prix récupéré = 84044
Sun Mar 23 03:05:01 CET 2025 : Fin de l'exécution du scraper
Sun Mar 23 03:10:01 CET 2025 : Début de l'exécution du scraper
Sun Mar 23 03:10:01 CET 2025 : Prix récupéré = 84011
Sun Mar 23 03:10:01 CET 2025 : Fin de l'exécution du scraper
Sun Mar 23 03:15:01 CET 2025 : Début de l'exécution du scraper
Sun Mar 23 03:15:01 CET 2025 : Prix récupéré = 83989
Sun Mar 23 03:15:01 CET 2025 : Fin de l'exécution du scraper
Sun Mar 23 03:20:01 CET 2025 : Début de l'exécution du scraper
Sun Mar 23 03:20:01 CET 2025 : Prix récupéré = 84033
Sun Mar 23 03:20:01 CET 2025 : Fin de l'exécution du scraper
Sun Mar 23 03:25:01 CET 2025 : Début de l'exécution du scraper
Sun Mar 23 03:25:02 CET 2025 : Prix récupéré = 84058
Sun Mar 23 03:25:02 CET 2025 : Fin de l'exécution du scraper
Sun Mar 23 03:30:01 CET 2025 : Début de l'exécution du scraper
Sun Mar 23 03:30:01 CET 2025 : Prix récupéré = 84103
Sun Mar 23 03:30:01 CET 2025 : Fin de l'exécution du scraper
Sun Mar 23 03:35:01 CET 2025 : Début de l'exécution du scraper
Sun Mar 23 03:35:01 CET 2025 : Prix récupéré = 84122
Sun Mar 23 03:35:01 CET 2025 : Fin de l'exécution du scraper
Sun Mar 23 03:40:01 CET 2025 : Début de l'exécution du scraper
Sun Mar 23 03:40:01 CET 2025 : Prix récupéré = 84236
Sun Mar 23 03:40:01 CET 2025 : Fin de l'exécution du scraper
Sun Mar 23 03:45:01 CET 2025 : Début de l'exécution du scraper
Sun Mar 23 03:45:01 CET 2025 : Prix récupéré = 84207
Sun Mar 23 03:45:01 CET 2025 : Fin de l'exécution du scraper
Sun Mar 23 03:50:01 CET 2025 : Début de l'exécution du scraper
Sun Mar 23 03:50:01 CET 2025 : Prix récupéré = 84231
Sun Mar 23 03:50:01 CET 2025 : Fin de l'exécution du scraper
Sun Mar 23 03:55:01 CET 2025 : Début de l'exécution du scraper
Sun Mar 23 03:55:01 CET 2025 : Prix récupéré = 84248
Sun Mar 23 03:55:01 CET 2025 : Fin de l'exécution du scraper
Sun Mar 23 04:00:01 CET 2025 : Début de l'exécution du scraper
Sun Mar 23 04:00:02 CET 2025 : Prix récupéré = 84222
Sun Mar 23 04:00:02 CET 2025 : Fin de l'exécution du scraper
Sun Mar 23 04:05:01 CET 2025 : Début de l'exécution du scraper
Sun Mar 23 04:05:01 CET 2025 : Prix récupéré = 84194
Sun Mar 23 04:05:01 CET 2025 : Fin de l'exécution du scraper
Sun Mar 23 04:10:01 CET 2025 : Début de l'exécution du scraper
Sun Mar 23 04:10:01 CET 2025 : Prix récupéré = 84126
Sun Mar 23 04:10:01 CET 2025 : Fin de l'exécution du scraper
Sun Mar 23 04:15:01 CET 2025 : Début de l'exécution du scraper
Sun Mar 23 04:15:01 CET 2025 : Prix récupéré = 84154
Sun Mar 23 04:15:01 CET 2025 : Fin de l'exécution du scraper
Sun Mar 23 04:20:01 CET 2025 : Début de l'exécution du scraper
Sun Mar 23 04:20:01 CET 2025 : Prix récupéré = 84199
Sun Mar 23 04:20:01 CET 2025 : Fin de l'exécution du scraper
Sun Mar 23 04:25:01 CET 2025 : Début de l'exécution du scraper
Sun Mar 23 04:25:01 CET 2025 : Prix récupéré = 84213
Sun Mar 23 04:25:01 CET 2025 : Fin de l'exécution du scraper
Sun Mar 23 04:30:01 CET 2025 : Début de l'exécution du scraper
Sun Mar 23 04:30:01 CET 2025 : Prix récupéré = 84171
Sun Mar 23 04:30:01 CET 2025 : Fin de l'exécution du scraper
Sun Mar 23 04:35:01 CET 2025 : Début de l'exécution du scraper
Sun Mar 23 04:35:01 CET 2025 : Prix récupéré = 84168
Sun Mar 23 04:35:02 CET 2025 : Fin de l'exécution du scraper
Sun Mar 23 04:40:01 CET 2025 : Début de l'exécution du scraper
Sun Mar 23 04:40:01 CET 2025 : Prix récupéré = 84159
Sun Mar 23 04:40:01 CET 2025 : Fin de l'exécution du scraper
Sun Mar 23 04:45:01 CET 2025 : Début de l'exécution du scraper
Sun Mar 23 04:45:01 CET 2025 : Prix récupéré = 84182
Sun Mar 23 04:45:01 CET 2025 : Fin de l'exécution du scraper
Sun Mar 23 04:50:01 CET 2025 : Début de l'exécution du scraper
Sun Mar 23 04:50:01 CET 2025 : Prix récupéré = 84214
Sun Mar 23 04:50:01 CET 2025 : Fin de l'exécution du scraper
Sun Mar 23 04:55:01 CET 2025 : Début de l'exécution du scraper
Sun Mar 23 04:55:01 CET 2025 : Prix récupéré = 84220
Sun Mar 23 04:55:01 CET 2025 : Fin de l'exécution du scraper
Sun Mar 23 05:00:01 CET 2025 : Début de l'exécution du scraper
Sun Mar 23 05:00:01 CET 2025 : Prix récupéré = 84193
Sun Mar 23 05:00:01 CET 2025 : Fin de l'exécution du scraper
Sun Mar 23 05:05:01 CET 2025 : Début de l'exécution du scraper
Sun Mar 23 05:05:02 CET 2025 : Prix récupéré = 84124
Sun Mar 23 05:05:02 CET 2025 : Fin de l'exécution du scraper
Sun Mar 23 05:10:01 CET 2025 : Début de l'exécution du scraper
Sun Mar 23 05:10:01 CET 2025 : Prix récupéré = 84107
Sun Mar 23 05:10:01 CET 2025 : Fin de l'exécution du scraper
Sun Mar 23 05:15:01 CET 2025 : Début de l'exécution du scraper
Sun Mar 23 05:15:01 CET 2025 : Prix récupéré = 84080
Sun Mar 23 05:15:01 CET 2025 : Fin de l'exécution du scraper
Sun Mar 23 05:20:01 CET 2025 : Début de l'exécution du scraper
Sun Mar 23 05:20:01 CET 2025 : Prix récupéré = 84065
Sun Mar 23 05:20:01 CET 2025 : Fin de l'exécution du scraper
Sun Mar 23 05:25:01 CET 2025 : Début de l'exécution du scraper
Sun Mar 23 05:25:01 CET 2025 : Prix récupéré = 84097
Sun Mar 23 05:25:01 CET 2025 : Fin de l'exécution du scraper
Sun Mar 23 05:30:01 CET 2025 : Début de l'exécution du scraper
Sun Mar 23 05:30:01 CET 2025 : Prix récupéré = 84082
Sun Mar 23 05:30:01 CET 2025 : Fin de l'exécution du scraper
Sun Mar 23 05:35:01 CET 2025 : Début de l'exécution du scraper
Sun Mar 23 05:35:01 CET 2025 : Prix récupéré = 84110
Sun Mar 23 05:35:01 CET 2025 : Fin de l'exécution du scraper
Sun Mar 23 05:40:01 CET 2025 : Début de l'exécution du scraper
Sun Mar 23 05:40:02 CET 2025 : Prix récupéré = 84113
Sun Mar 23 05:40:02 CET 2025 : Fin de l'exécution du scraper
Sun Mar 23 05:45:01 CET 2025 : Début de l'exécution du scraper
Sun Mar 23 05:45:01 CET 2025 : Prix récupéré = 84099
Sun Mar 23 05:45:01 CET 2025 : Fin de l'exécution du scraper
Sun Mar 23 05:50:01 CET 2025 : Début de l'exécution du scraper
Sun Mar 23 05:50:01 CET 2025 : Prix récupéré = 84076
Sun Mar 23 05:50:01 CET 2025 : Fin de l'exécution du scraper
Sun Mar 23 05:55:01 CET 2025 : Début de l'exécution du scraper
Sun Mar 23 05:55:01 CET 2025 : Prix récupéré = 84071
Sun Mar 23 05:55:01 CET 2025 : Fin de l'exécution du scraper
Sun Mar 23 06:00:01 CET 2025 : Début de l'exécution du scraper
Sun Mar 23 06:00:01 CET 2025 : Prix récupéré = 84087
Sun Mar 23 06:00:01 CET 2025 : Fin de l'exécution du scraper
Sun Mar 23 06:05:01 CET 2025 : Début de l'exécution du scraper
Sun Mar 23 06:05:01 CET 2025 : Prix récupéré = 84125
Sun Mar 23 06:05:01 CET 2025 : Fin de l'exécution du scraper
Sun Mar 23 06:10:01 CET 2025 : Début de l'exécution du scraper
Sun Mar 23 06:10:02 CET 2025 : Prix récupéré = 84127
Sun Mar 23 06:10:02 CET 2025 : Fin de l'exécution du scraper
Sun Mar 23 06:15:01 CET 2025 : Début de l'exécution du scraper
Sun Mar 23 06:15:01 CET 2025 : Prix récupéré = 84125
Sun Mar 23 06:15:01 CET 2025 : Fin de l'exécution du scraper
Sun Mar 23 06:20:01 CET 2025 : Début de l'exécution du scraper
Sun Mar 23 06:20:01 CET 2025 : Prix récupéré = 84114
Sun Mar 23 06:20:01 CET 2025 : Fin de l'exécution du scraper
Sun Mar 23 06:25:01 CET 2025 : Début de l'exécution du scraper
Sun Mar 23 06:25:01 CET 2025 : Prix récupéré = 84096
Sun Mar 23 06:25:01 CET 2025 : Fin de l'exécution du scraper
Sun Mar 23 06:30:01 CET 2025 : Début de l'exécution du scraper
Sun Mar 23 06:30:01 CET 2025 : Prix récupéré = 84105
Sun Mar 23 06:30:01 CET 2025 : Fin de l'exécution du scraper
Sun Mar 23 06:35:01 CET 2025 : Début de l'exécution du scraper
Sun Mar 23 06:35:01 CET 2025 : Prix récupéré = 84115
Sun Mar 23 06:35:01 CET 2025 : Fin de l'exécution du scraper
Sun Mar 23 06:40:01 CET 2025 : Début de l'exécution du scraper
Sun Mar 23 06:40:02 CET 2025 : Prix récupéré = 84170
Sun Mar 23 06:40:02 CET 2025 : Fin de l'exécution du scraper
Sun Mar 23 06:45:01 CET 2025 : Début de l'exécution du scraper
Sun Mar 23 06:45:01 CET 2025 : Prix récupéré = 84180
Sun Mar 23 06:45:01 CET 2025 : Fin de l'exécution du scraper
Sun Mar 23 06:50:01 CET 2025 : Début de l'exécution du scraper
Sun Mar 23 06:50:01 CET 2025 : Prix récupéré = 84191
Sun Mar 23 06:50:01 CET 2025 : Fin de l'exécution du scraper
Sun Mar 23 06:55:01 CET 2025 : Début de l'exécution du scraper
Sun Mar 23 06:55:01 CET 2025 : Prix récupéré = 84233
Sun Mar 23 06:55:01 CET 2025 : Fin de l'exécution du scraper
Sun Mar 23 07:00:01 CET 2025 : Début de l'exécution du scraper
Sun Mar 23 07:00:01 CET 2025 : Prix récupéré = 84212
Sun Mar 23 07:00:01 CET 2025 : Fin de l'exécution du scraper
Sun Mar 23 07:05:01 CET 2025 : Début de l'exécution du scraper
Sun Mar 23 07:05:01 CET 2025 : Prix récupéré = 84216
Sun Mar 23 07:05:01 CET 2025 : Fin de l'exécution du scraper
Sun Mar 23 07:10:01 CET 2025 : Début de l'exécution du scraper
Sun Mar 23 07:10:01 CET 2025 : Prix récupéré = 84192
Sun Mar 23 07:10:01 CET 2025 : Fin de l'exécution du scraper
Sun Mar 23 07:15:01 CET 2025 : Début de l'exécution du scraper
Sun Mar 23 07:15:02 CET 2025 : Prix récupéré = 84196
Sun Mar 23 07:15:02 CET 2025 : Fin de l'exécution du scraper
Sun Mar 23 07:20:01 CET 2025 : Début de l'exécution du scraper
Sun Mar 23 07:20:01 CET 2025 : Prix récupéré = 84198
Sun Mar 23 07:20:01 CET 2025 : Fin de l'exécution du scraper
Sun Mar 23 07:25:01 CET 2025 : Début de l'exécution du scraper
Sun Mar 23 07:25:01 CET 2025 : Prix récupéré = 84221
Sun Mar 23 07:25:01 CET 2025 : Fin de l'exécution du scraper
Sun Mar 23 07:30:01 CET 2025 : Début de l'exécution du scraper
Sun Mar 23 07:30:01 CET 2025 : Prix récupéré = 84205
Sun Mar 23 07:30:01 CET 2025 : Fin de l'exécution du scraper
Sun Mar 23 07:35:01 CET 2025 : Début de l'exécution du scraper
Sun Mar 23 07:35:01 CET 2025 : Prix récupéré = 84237
Sun Mar 23 07:35:01 CET 2025 : Fin de l'exécution du scraper
Sun Mar 23 07:40:01 CET 2025 : Début de l'exécution du scraper
Sun Mar 23 07:40:01 CET 2025 : Prix récupéré = 84224
Sun Mar 23 07:40:01 CET 2025 : Fin de l'exécution du scraper
Sun Mar 23 07:45:01 CET 2025 : Début de l'exécution du scraper
Sun Mar 23 07:45:02 CET 2025 : Prix récupéré = 84241
Sun Mar 23 07:45:02 CET 2025 : Fin de l'exécution du scraper
Sun Mar 23 07:50:01 CET 2025 : Début de l'exécution du scraper
Sun Mar 23 07:50:01 CET 2025 : Prix récupéré = 84266
Sun Mar 23 07:50:01 CET 2025 : Fin de l'exécution du scraper
Sun Mar 23 07:55:01 CET 2025 : Début de l'exécution du scraper
Sun Mar 23 07:55:01 CET 2025 : Prix récupéré = 84277
Sun Mar 23 07:55:01 CET 2025 : Fin de l'exécution du scraper
Sun Mar 23 08:00:01 CET 2025 : Début de l'exécution du scraper
Sun Mar 23 08:00:01 CET 2025 : Prix récupéré = 84237
Sun Mar 23 08:00:01 CET 2025 : Fin de l'exécution du scraper
Sun Mar 23 08:05:01 CET 2025 : Début de l'exécution du scraper
Sun Mar 23 08:05:01 CET 2025 : Prix récupéré = 84213
Sun Mar 23 08:05:01 CET 2025 : Fin de l'exécution du scraper
Sun Mar 23 08:10:01 CET 2025 : Début de l'exécution du scraper
Sun Mar 23 08:10:01 CET 2025 : Prix récupéré = 84201
Sun Mar 23 08:10:01 CET 2025 : Fin de l'exécution du scraper
Sun Mar 23 08:15:01 CET 2025 : Début de l'exécution du scraper
Sun Mar 23 08:15:02 CET 2025 : Prix récupéré = 84216
Sun Mar 23 08:15:02 CET 2025 : Fin de l'exécution du scraper
Sun Mar 23 08:20:01 CET 2025 : Début de l'exécution du scraper
Sun Mar 23 08:20:01 CET 2025 : Prix récupéré = 84218
Sun Mar 23 08:20:01 CET 2025 : Fin de l'exécution du scraper
Sun Mar 23 08:25:01 CET 2025 : Début de l'exécution du scraper
Sun Mar 23 08:25:01 CET 2025 : Prix récupéré = 84237
Sun Mar 23 08:25:01 CET 2025 : Fin de l'exécution du scraper
Sun Mar 23 08:30:01 CET 2025 : Début de l'exécution du scraper
Sun Mar 23 08:30:01 CET 2025 : Prix récupéré = 84264
Sun Mar 23 08:30:01 CET 2025 : Fin de l'exécution du scraper
Sun Mar 23 08:35:01 CET 2025 : Début de l'exécution du scraper
Sun Mar 23 08:35:01 CET 2025 : Prix récupéré = 84257
Sun Mar 23 08:35:01 CET 2025 : Fin de l'exécution du scraper
Sun Mar 23 08:40:01 CET 2025 : Début de l'exécution du scraper
Sun Mar 23 08:40:01 CET 2025 : Prix récupéré = 84277
Sun Mar 23 08:40:01 CET 2025 : Fin de l'exécution du scraper
Sun Mar 23 08:45:01 CET 2025 : Début de l'exécution du scraper
Sun Mar 23 08:45:02 CET 2025 : Prix récupéré = 84309
Sun Mar 23 08:45:02 CET 2025 : Fin de l'exécution du scraper
Sun Mar 23 08:50:01 CET 2025 : Début de l'exécution du scraper
Sun Mar 23 08:50:01 CET 2025 : Prix récupéré = 84295
Sun Mar 23 08:50:01 CET 2025 : Fin de l'exécution du scraper
Sun Mar 23 08:55:01 CET 2025 : Début de l'exécution du scraper
Sun Mar 23 08:55:01 CET 2025 : Prix récupéré = 84312
Sun Mar 23 08:55:01 CET 2025 : Fin de l'exécution du scraper
Sun Mar 23 09:00:01 CET 2025 : Début de l'exécution du scraper
Sun Mar 23 09:00:01 CET 2025 : Prix récupéré = 84261
Sun Mar 23 09:00:01 CET 2025 : Fin de l'exécution du scraper
Sun Mar 23 09:05:01 CET 2025 : Début de l'exécution du scraper
Sun Mar 23 09:05:01 CET 2025 : Prix récupéré = 84298
Sun Mar 23 09:05:01 CET 2025 : Fin de l'exécution du scraper
Sun Mar 23 09:10:01 CET 2025 : Début de l'exécution du scraper
Sun Mar 23 09:10:01 CET 2025 : Prix récupéré = 84248
Sun Mar 23 09:10:01 CET 2025 : Fin de l'exécution du scraper
Sun Mar 23 09:15:01 CET 2025 : Début de l'exécution du scraper
Sun Mar 23 09:15:02 CET 2025 : Prix récupéré = 84279
Sun Mar 23 09:15:02 CET 2025 : Fin de l'exécution du scraper
Sun Mar 23 09:20:01 CET 2025 : Début de l'exécution du scraper
Sun Mar 23 09:20:01 CET 2025 : Prix récupéré = 84295
Sun Mar 23 09:20:01 CET 2025 : Fin de l'exécution du scraper
Sun Mar 23 09:25:01 CET 2025 : Début de l'exécution du scraper
Sun Mar 23 09:25:01 CET 2025 : Prix récupéré = 84311
Sun Mar 23 09:25:01 CET 2025 : Fin de l'exécution du scraper
Sun Mar 23 09:30:01 CET 2025 : Début de l'exécution du scraper
Sun Mar 23 09:30:01 CET 2025 : Prix récupéré = 84318
Sun Mar 23 09:30:01 CET 2025 : Fin de l'exécution du scraper
Sun Mar 23 09:35:01 CET 2025 : Début de l'exécution du scraper
Sun Mar 23 09:35:01 CET 2025 : Prix récupéré = 84289
Sun Mar 23 09:35:01 CET 2025 : Fin de l'exécution du scraper
Sun Mar 23 09:40:01 CET 2025 : Début de l'exécution du scraper
Sun Mar 23 09:40:01 CET 2025 : Prix récupéré = 84316
Sun Mar 23 09:40:01 CET 2025 : Fin de l'exécution du scraper
Sun Mar 23 09:45:01 CET 2025 : Début de l'exécution du scraper
Sun Mar 23 09:45:02 CET 2025 : Prix récupéré = 84321
Sun Mar 23 09:45:02 CET 2025 : Fin de l'exécution du scraper
Sun Mar 23 09:50:01 CET 2025 : Début de l'exécution du scraper
Sun Mar 23 09:50:01 CET 2025 : Prix récupéré = 84332
Sun Mar 23 09:50:01 CET 2025 : Fin de l'exécution du scraper
Sun Mar 23 09:55:01 CET 2025 : Début de l'exécution du scraper
Sun Mar 23 09:55:01 CET 2025 : Prix récupéré = 84317
Sun Mar 23 09:55:01 CET 2025 : Fin de l'exécution du scraper
Sun Mar 23 10:00:01 CET 2025 : Début de l'exécution du scraper
Sun Mar 23 10:00:01 CET 2025 : Prix récupéré = 84320
Sun Mar 23 10:00:01 CET 2025 : Fin de l'exécution du scraper
Sun Mar 23 10:05:01 CET 2025 : Début de l'exécution du scraper
Sun Mar 23 10:05:01 CET 2025 : Prix récupéré = 84351
Sun Mar 23 10:05:01 CET 2025 : Fin de l'exécution du scraper
Sun Mar 23 10:10:01 CET 2025 : Début de l'exécution du scraper
Sun Mar 23 10:10:01 CET 2025 : Prix récupéré = 84339
Sun Mar 23 10:10:01 CET 2025 : Fin de l'exécution du scraper
Sun Mar 23 10:15:01 CET 2025 : Début de l'exécution du scraper
Sun Mar 23 10:15:01 CET 2025 : Prix récupéré = 84323
Sun Mar 23 10:15:01 CET 2025 : Fin de l'exécution du scraper
Sun Mar 23 10:20:01 CET 2025 : Début de l'exécution du scraper
Sun Mar 23 10:20:02 CET 2025 : Prix récupéré = 84309
Sun Mar 23 10:20:02 CET 2025 : Fin de l'exécution du scraper
Sun Mar 23 10:25:01 CET 2025 : Début de l'exécution du scraper
Sun Mar 23 10:25:01 CET 2025 : Prix récupéré = 84322
Sun Mar 23 10:25:01 CET 2025 : Fin de l'exécution du scraper
Sun Mar 23 10:30:01 CET 2025 : Début de l'exécution du scraper
Sun Mar 23 10:30:01 CET 2025 : Prix récupéré = 84327
Sun Mar 23 10:30:01 CET 2025 : Fin de l'exécution du scraper
Sun Mar 23 10:35:01 CET 2025 : Début de l'exécution du scraper
Sun Mar 23 10:35:01 CET 2025 : Prix récupéré = 84340
Sun Mar 23 10:35:01 CET 2025 : Fin de l'exécution du scraper
Sun Mar 23 10:40:01 CET 2025 : Début de l'exécution du scraper
Sun Mar 23 10:40:01 CET 2025 : Prix récupéré = 84336
Sun Mar 23 10:40:01 CET 2025 : Fin de l'exécution du scraper
Sun Mar 23 10:45:01 CET 2025 : Début de l'exécution du scraper
Sun Mar 23 10:45:01 CET 2025 : Prix récupéré = 84338
Sun Mar 23 10:45:01 CET 2025 : Fin de l'exécution du scraper
Sun Mar 23 10:50:01 CET 2025 : Début de l'exécution du scraper
Sun Mar 23 10:50:01 CET 2025 : Prix récupéré = 84332
Sun Mar 23 10:50:01 CET 2025 : Fin de l'exécution du scraper
Sun Mar 23 10:55:01 CET 2025 : Début de l'exécution du scraper
Sun Mar 23 10:55:01 CET 2025 : Prix récupéré = 84328
Sun Mar 23 10:55:01 CET 2025 : Fin de l'exécution du scraper
Sun Mar 23 11:00:02 CET 2025 : Début de l'exécution du scraper
Sun Mar 23 11:00:02 CET 2025 : Prix récupéré = 84311
Sun Mar 23 11:00:02 CET 2025 : Fin de l'exécution du scraper
Sun Mar 23 11:05:01 CET 2025 : Début de l'exécution du scraper
Sun Mar 23 11:05:01 CET 2025 : Prix récupéré = 84310
Sun Mar 23 11:05:01 CET 2025 : Fin de l'exécution du scraper
Sun Mar 23 11:10:01 CET 2025 : Début de l'exécution du scraper
Sun Mar 23 11:10:01 CET 2025 : Prix récupéré = 84310
Sun Mar 23 11:10:01 CET 2025 : Fin de l'exécution du scraper
Sun Mar 23 11:15:01 CET 2025 : Début de l'exécution du scraper
Sun Mar 23 11:15:01 CET 2025 : Prix récupéré = 84307
Sun Mar 23 11:15:01 CET 2025 : Fin de l'exécution du scraper
Sun Mar 23 11:20:01 CET 2025 : Début de l'exécution du scraper
Sun Mar 23 11:20:01 CET 2025 : Prix récupéré = 84339
Sun Mar 23 11:20:01 CET 2025 : Fin de l'exécution du scraper
Sun Mar 23 11:25:01 CET 2025 : Début de l'exécution du scraper
Sun Mar 23 11:25:01 CET 2025 : Prix récupéré = 84335
Sun Mar 23 11:25:01 CET 2025 : Fin de l'exécution du scraper
Sun Mar 23 11:30:01 CET 2025 : Début de l'exécution du scraper
Sun Mar 23 11:30:01 CET 2025 : Prix récupéré = 84334
Sun Mar 23 11:30:01 CET 2025 : Fin de l'exécution du scraper
Sun Mar 23 11:35:01 CET 2025 : Début de l'exécution du scraper
Sun Mar 23 11:35:02 CET 2025 : Prix récupéré = 84333
Sun Mar 23 11:35:02 CET 2025 : Fin de l'exécution du scraper
Sun Mar 23 11:40:01 CET 2025 : Début de l'exécution du scraper
Sun Mar 23 11:40:01 CET 2025 : Prix récupéré = 84346
Sun Mar 23 11:40:01 CET 2025 : Fin de l'exécution du scraper
Sun Mar 23 11:45:01 CET 2025 : Début de l'exécution du scraper
Sun Mar 23 11:45:01 CET 2025 : Prix récupéré = 84412
Sun Mar 23 11:45:01 CET 2025 : Fin de l'exécution du scraper
Sun Mar 23 11:50:01 CET 2025 : Début de l'exécution du scraper
Sun Mar 23 11:50:01 CET 2025 : Prix récupéré = 84467
Sun Mar 23 11:50:01 CET 2025 : Fin de l'exécution du scraper
Sun Mar 23 11:55:01 CET 2025 : Début de l'exécution du scraper
Sun Mar 23 11:55:01 CET 2025 : Prix récupéré = 84471
Sun Mar 23 11:55:01 CET 2025 : Fin de l'exécution du scraper
Sun Mar 23 12:00:01 CET 2025 : Début de l'exécution du scraper
Sun Mar 23 12:00:01 CET 2025 : Prix récupéré = 84450
Sun Mar 23 12:00:01 CET 2025 : Fin de l'exécution du scraper
Sun Mar 23 12:05:01 CET 2025 : Début de l'exécution du scraper
Sun Mar 23 12:05:01 CET 2025 : Prix récupéré = 84520
Sun Mar 23 12:05:01 CET 2025 : Fin de l'exécution du scraper
Sun Mar 23 12:10:01 CET 2025 : Début de l'exécution du scraper
Sun Mar 23 12:10:01 CET 2025 : Prix récupéré = 84780
Sun Mar 23 12:10:01 CET 2025 : Fin de l'exécution du scraper
Sun Mar 23 12:15:01 CET 2025 : Début de l'exécution du scraper
Sun Mar 23 12:15:02 CET 2025 : Prix récupéré = 84706
Sun Mar 23 12:15:02 CET 2025 : Fin de l'exécution du scraper
Sun Mar 23 12:20:01 CET 2025 : Début de l'exécution du scraper
Sun Mar 23 12:20:01 CET 2025 : Prix récupéré = 84761
Sun Mar 23 12:20:01 CET 2025 : Fin de l'exécution du scraper
Sun Mar 23 12:25:01 CET 2025 : Début de l'exécution du scraper
Sun Mar 23 12:25:01 CET 2025 : Prix récupéré = 84782
Sun Mar 23 12:25:01 CET 2025 : Fin de l'exécution du scraper
Sun Mar 23 12:30:01 CET 2025 : Début de l'exécution du scraper
Sun Mar 23 12:30:01 CET 2025 : Prix récupéré = 84998
Sun Mar 23 12:30:01 CET 2025 : Fin de l'exécution du scraper
Sun Mar 23 12:35:01 CET 2025 : Début de l'exécution du scraper
Sun Mar 23 12:35:01 CET 2025 : Prix récupéré = 84907
Sun Mar 23 12:35:01 CET 2025 : Fin de l'exécution du scraper
Sun Mar 23 12:40:01 CET 2025 : Début de l'exécution du scraper
Sun Mar 23 12:40:01 CET 2025 : Prix récupéré = 84745
Sun Mar 23 12:40:01 CET 2025 : Fin de l'exécution du scraper
Sun Mar 23 12:45:01 CET 2025 : Début de l'exécution du scraper
Sun Mar 23 12:45:01 CET 2025 : Prix récupéré = 84834
Sun Mar 23 12:45:01 CET 2025 : Fin de l'exécution du scraper
Sun Mar 23 12:50:01 CET 2025 : Début de l'exécution du scraper
Sun Mar 23 12:50:02 CET 2025 : Prix récupéré = 84835
Sun Mar 23 12:50:02 CET 2025 : Fin de l'exécution du scraper
Sun Mar 23 12:55:01 CET 2025 : Début de l'exécution du scraper
Sun Mar 23 12:55:01 CET 2025 : Prix récupéré = 84679
Sun Mar 23 12:55:01 CET 2025 : Fin de l'exécution du scraper
Sun Mar 23 13:00:01 CET 2025 : Début de l'exécution du scraper
Sun Mar 23 13:00:01 CET 2025 : Prix récupéré = 84630
Sun Mar 23 13:00:01 CET 2025 : Fin de l'exécution du scraper
Sun Mar 23 13:05:01 CET 2025 : Début de l'exécution du scraper
Sun Mar 23 13:05:01 CET 2025 : Prix récupéré = 84714
Sun Mar 23 13:05:01 CET 2025 : Fin de l'exécution du scraper
Sun Mar 23 13:10:01 CET 2025 : Début de l'exécution du scraper
Sun Mar 23 13:10:01 CET 2025 : Prix récupéré = 84755
Sun Mar 23 13:10:01 CET 2025 : Fin de l'exécution du scraper
Sun Mar 23 13:15:01 CET 2025 : Début de l'exécution du scraper
Sun Mar 23 13:15:01 CET 2025 : Prix récupéré = 84676
Sun Mar 23 13:15:01 CET 2025 : Fin de l'exécution du scraper
Sun Mar 23 13:20:01 CET 2025 : Début de l'exécution du scraper
Sun Mar 23 13:20:01 CET 2025 : Prix récupéré = 84657
Sun Mar 23 13:20:01 CET 2025 : Fin de l'exécution du scraper
Sun Mar 23 13:25:01 CET 2025 : Début de l'exécution du scraper
Sun Mar 23 13:25:02 CET 2025 : Prix récupéré = 84584
Sun Mar 23 13:25:02 CET 2025 : Fin de l'exécution du scraper
Sun Mar 23 13:30:01 CET 2025 : Début de l'exécution du scraper
Sun Mar 23 13:30:01 CET 2025 : Prix récupéré = 84674
Sun Mar 23 13:30:01 CET 2025 : Fin de l'exécution du scraper
Sun Mar 23 13:35:01 CET 2025 : Début de l'exécution du scraper
Sun Mar 23 13:35:01 CET 2025 : Prix récupéré = 84733
Sun Mar 23 13:35:01 CET 2025 : Fin de l'exécution du scraper
Sun Mar 23 13:40:01 CET 2025 : Début de l'exécution du scraper
Sun Mar 23 13:40:01 CET 2025 : Prix récupéré = 84776
Sun Mar 23 13:40:01 CET 2025 : Fin de l'exécution du scraper
Sun Mar 23 13:45:01 CET 2025 : Début de l'exécution du scraper
Sun Mar 23 13:45:01 CET 2025 : Prix récupéré = 84725
Sun Mar 23 13:45:01 CET 2025 : Fin de l'exécution du scraper
Sun Mar 23 13:50:01 CET 2025 : Début de l'exécution du scraper
Sun Mar 23 13:50:01 CET 2025 : Prix récupéré = 84815
Sun Mar 23 13:50:01 CET 2025 : Fin de l'exécution du scraper
Sun Mar 23 13:55:01 CET 2025 : Début de l'exécution du scraper
Sun Mar 23 13:55:01 CET 2025 : Prix récupéré = 84761
Sun Mar 23 13:55:01 CET 2025 : Fin de l'exécution du scraper
Sun Mar 23 14:00:01 CET 2025 : Début de l'exécution du scraper
Sun Mar 23 14:00:01 CET 2025 : Prix récupéré = 84697
Sun Mar 23 14:00:01 CET 2025 : Fin de l'exécution du scraper
Sun Mar 23 14:05:01 CET 2025 : Début de l'exécution du scraper
Sun Mar 23 14:05:01 CET 2025 : Prix récupéré = 84716
Sun Mar 23 14:05:01 CET 2025 : Fin de l'exécution du scraper
Sun Mar 23 14:10:01 CET 2025 : Début de l'exécution du scraper
Sun Mar 23 14:10:01 CET 2025 : Prix récupéré = 84637
Sun Mar 23 14:10:01 CET 2025 : Fin de l'exécution du scraper
Sun Mar 23 14:15:01 CET 2025 : Début de l'exécution du scraper
Sun Mar 23 14:15:01 CET 2025 : Prix récupéré = 84693
Sun Mar 23 14:15:01 CET 2025 : Fin de l'exécution du scraper
Sun Mar 23 14:20:01 CET 2025 : Début de l'exécution du scraper
Sun Mar 23 14:20:01 CET 2025 : Prix récupéré = 84837
Sun Mar 23 14:20:01 CET 2025 : Fin de l'exécution du scraper
Sun Mar 23 14:25:01 CET 2025 : Début de l'exécution du scraper
Sun Mar 23 14:25:01 CET 2025 : Prix récupéré = 84888
Sun Mar 23 14:25:01 CET 2025 : Fin de l'exécution du scraper
Sun Mar 23 14:30:01 CET 2025 : Début de l'exécution du scraper
Sun Mar 23 14:30:01 CET 2025 : Prix récupéré = 84950
Sun Mar 23 14:30:01 CET 2025 : Fin de l'exécution du scraper
Sun Mar 23 14:35:01 CET 2025 : Début de l'exécution du scraper
Sun Mar 23 14:35:02 CET 2025 : Prix récupéré = 84994
Sun Mar 23 14:35:02 CET 2025 : Fin de l'exécution du scraper
Sun Mar 23 14:40:01 CET 2025 : Début de l'exécution du scraper
Sun Mar 23 14:40:01 CET 2025 : Prix récupéré = 84870
Sun Mar 23 14:40:01 CET 2025 : Fin de l'exécution du scraper
Sun Mar 23 14:45:01 CET 2025 : Début de l'exécution du scraper
Sun Mar 23 14:45:01 CET 2025 : Prix récupéré = 84880
Sun Mar 23 14:45:01 CET 2025 : Fin de l'exécution du scraper
Sun Mar 23 14:50:01 CET 2025 : Début de l'exécution du scraper
Sun Mar 23 14:50:01 CET 2025 : Prix récupéré = 84893
Sun Mar 23 14:50:01 CET 2025 : Fin de l'exécution du scraper
Sun Mar 23 14:55:01 CET 2025 : Début de l'exécution du scraper
Sun Mar 23 14:55:01 CET 2025 : Prix récupéré = 84958
Sun Mar 23 14:55:01 CET 2025 : Fin de l'exécution du scraper
Sun Mar 23 15:00:01 CET 2025 : Début de l'exécution du scraper
Sun Mar 23 15:00:01 CET 2025 : Prix récupéré = 85010
Sun Mar 23 15:00:01 CET 2025 : Fin de l'exécution du scraper
Sun Mar 23 15:05:01 CET 2025 : Début de l'exécution du scraper
Sun Mar 23 15:05:01 CET 2025 : Prix récupéré = 85166
Sun Mar 23 15:05:01 CET 2025 : Fin de l'exécution du scraper
Sun Mar 23 15:10:01 CET 2025 : Début de l'exécution du scraper
Sun Mar 23 15:10:02 CET 2025 : Prix récupéré = 84952
Sun Mar 23 15:10:02 CET 2025 : Fin de l'exécution du scraper
Sun Mar 23 15:15:01 CET 2025 : Début de l'exécution du scraper
Sun Mar 23 15:15:01 CET 2025 : Prix récupéré = 84978
Sun Mar 23 15:15:01 CET 2025 : Fin de l'exécution du scraper
Sun Mar 23 15:20:01 CET 2025 : Début de l'exécution du scraper
Sun Mar 23 15:20:01 CET 2025 : Prix récupéré = 85015
Sun Mar 23 15:20:01 CET 2025 : Fin de l'exécution du scraper
Sun Mar 23 15:25:01 CET 2025 : Début de l'exécution du scraper
Sun Mar 23 15:25:01 CET 2025 : Prix récupéré = 84900
Sun Mar 23 15:25:01 CET 2025 : Fin de l'exécution du scraper
Sun Mar 23 15:30:01 CET 2025 : Début de l'exécution du scraper
Sun Mar 23 15:30:01 CET 2025 : Prix récupéré = 84867
Sun Mar 23 15:30:01 CET 2025 : Fin de l'exécution du scraper
Sun Mar 23 15:35:01 CET 2025 : Début de l'exécution du scraper
Sun Mar 23 15:35:01 CET 2025 : Prix récupéré = 84940
Sun Mar 23 15:35:01 CET 2025 : Fin de l'exécution du scraper
Sun Mar 23 15:40:01 CET 2025 : Début de l'exécution du scraper
Sun Mar 23 15:40:02 CET 2025 : Prix récupéré = 85001
Sun Mar 23 15:40:02 CET 2025 : Fin de l'exécution du scraper
Sun Mar 23 15:45:01 CET 2025 : Début de l'exécution du scraper
Sun Mar 23 15:45:01 CET 2025 : Prix récupéré = 84970
Sun Mar 23 15:45:01 CET 2025 : Fin de l'exécution du scraper
Sun Mar 23 15:50:01 CET 2025 : Début de l'exécution du scraper
Sun Mar 23 15:50:01 CET 2025 : Prix récupéré = 85009
Sun Mar 23 15:50:01 CET 2025 : Fin de l'exécution du scraper
Sun Mar 23 15:55:01 CET 2025 : Début de l'exécution du scraper
Sun Mar 23 15:55:01 CET 2025 : Prix récupéré = 84852
Sun Mar 23 15:55:01 CET 2025 : Fin de l'exécution du scraper
Sun Mar 23 16:00:01 CET 2025 : Début de l'exécution du scraper
Sun Mar 23 16:00:01 CET 2025 : Prix récupéré = 84966
Sun Mar 23 16:00:01 CET 2025 : Fin de l'exécution du scraper
Sun Mar 23 16:05:01 CET 2025 : Début de l'exécution du scraper
Sun Mar 23 16:05:01 CET 2025 : Prix récupéré = 84929
Sun Mar 23 16:05:01 CET 2025 : Fin de l'exécution du scraper
Sun Mar 23 16:10:01 CET 2025 : Début de l'exécution du scraper
Sun Mar 23 16:10:02 CET 2025 : Prix récupéré = 84987
Sun Mar 23 16:10:02 CET 2025 : Fin de l'exécution du scraper
Sun Mar 23 16:15:01 CET 2025 : Début de l'exécution du scraper
Sun Mar 23 16:15:01 CET 2025 : Prix récupéré = 85004
Sun Mar 23 16:15:01 CET 2025 : Fin de l'exécution du scraper
Sun Mar 23 16:20:01 CET 2025 : Début de l'exécution du scraper
Sun Mar 23 16:20:01 CET 2025 : Prix récupéré = 84998
Sun Mar 23 16:20:01 CET 2025 : Fin de l'exécution du scraper
Sun Mar 23 16:25:01 CET 2025 : Début de l'exécution du scraper
Sun Mar 23 16:25:01 CET 2025 : Prix récupéré = 85144
Sun Mar 23 16:25:01 CET 2025 : Fin de l'exécution du scraper
Sun Mar 23 16:30:01 CET 2025 : Début de l'exécution du scraper
Sun Mar 23 16:30:01 CET 2025 : Prix récupéré = 85102
Sun Mar 23 16:30:01 CET 2025 : Fin de l'exécution du scraper
Sun Mar 23 16:35:01 CET 2025 : Début de l'exécution du scraper
Sun Mar 23 16:35:02 CET 2025 : Prix récupéré = 85027
Sun Mar 23 16:35:02 CET 2025 : Fin de l'exécution du scraper
Sun Mar 23 16:40:01 CET 2025 : Début de l'exécution du scraper
Sun Mar 23 16:40:01 CET 2025 : Prix récupéré = 85149
Sun Mar 23 16:40:01 CET 2025 : Fin de l'exécution du scraper
Sun Mar 23 16:45:01 CET 2025 : Début de l'exécution du scraper
Sun Mar 23 16:45:01 CET 2025 : Prix récupéré = 85223
Sun Mar 23 16:45:01 CET 2025 : Fin de l'exécution du scraper
Sun Mar 23 16:50:01 CET 2025 : Début de l'exécution du scraper
Sun Mar 23 16:50:01 CET 2025 : Prix récupéré = 85165
Sun Mar 23 16:50:01 CET 2025 : Fin de l'exécution du scraper
Sun Mar 23 16:55:01 CET 2025 : Début de l'exécution du scraper
Sun Mar 23 16:55:01 CET 2025 : Prix récupéré = 85134
Sun Mar 23 16:55:01 CET 2025 : Fin de l'exécution du scraper
Sun Mar 23 17:00:01 CET 2025 : Début de l'exécution du scraper
Sun Mar 23 17:00:02 CET 2025 : Prix récupéré = 85123
Sun Mar 23 17:00:02 CET 2025 : Fin de l'exécution du scraper
Sun Mar 23 17:05:01 CET 2025 : Début de l'exécution du scraper
Sun Mar 23 17:05:01 CET 2025 : Prix récupéré = 85138
Sun Mar 23 17:05:01 CET 2025 : Fin de l'exécution du scraper
Sun Mar 23 17:10:01 CET 2025 : Début de l'exécution du scraper
Sun Mar 23 17:10:01 CET 2025 : Prix récupéré = 85111
Sun Mar 23 17:10:01 CET 2025 : Fin de l'exécution du scraper
Sun Mar 23 17:15:01 CET 2025 : Début de l'exécution du scraper
Sun Mar 23 17:15:01 CET 2025 : Prix récupéré = 85215
Sun Mar 23 17:15:01 CET 2025 : Fin de l'exécution du scraper
Sun Mar 23 17:20:01 CET 2025 : Début de l'exécution du scraper
Sun Mar 23 17:20:01 CET 2025 : Prix récupéré = 85234
Sun Mar 23 17:20:01 CET 2025 : Fin de l'exécution du scraper
Sun Mar 23 17:25:01 CET 2025 : Début de l'exécution du scraper
Sun Mar 23 17:25:01 CET 2025 : Prix récupéré = 85273
Sun Mar 23 17:25:01 CET 2025 : Fin de l'exécution du scraper
Sun Mar 23 17:30:01 CET 2025 : Début de l'exécution du scraper
Sun Mar 23 17:30:02 CET 2025 : Prix récupéré = 85295
Sun Mar 23 17:30:02 CET 2025 : Fin de l'exécution du scraper
Sun Mar 23 17:35:01 CET 2025 : Début de l'exécution du scraper
Sun Mar 23 17:35:01 CET 2025 : Prix récupéré = 85195
Sun Mar 23 17:35:01 CET 2025 : Fin de l'exécution du scraper
Sun Mar 23 17:40:01 CET 2025 : Début de l'exécution du scraper
Sun Mar 23 17:40:01 CET 2025 : Prix récupéré = 84944
Sun Mar 23 17:40:01 CET 2025 : Fin de l'exécution du scraper
Sun Mar 23 17:45:01 CET 2025 : Début de l'exécution du scraper
Sun Mar 23 17:45:01 CET 2025 : Prix récupéré = 85033
Sun Mar 23 17:45:01 CET 2025 : Fin de l'exécution du scraper
Sun Mar 23 17:50:02 CET 2025 : Début de l'exécution du scraper
Sun Mar 23 17:50:02 CET 2025 : Prix récupéré = 85307
Sun Mar 23 17:50:02 CET 2025 : Fin de l'exécution du scraper
Sun Mar 23 17:55:01 CET 2025 : Début de l'exécution du scraper
Sun Mar 23 17:55:01 CET 2025 : Prix récupéré = 85305
Sun Mar 23 17:55:01 CET 2025 : Fin de l'exécution du scraper
Sun Mar 23 18:00:01 CET 2025 : Début de l'exécution du scraper
Sun Mar 23 18:00:01 CET 2025 : Prix récupéré = 85264
Sun Mar 23 18:00:01 CET 2025 : Fin de l'exécution du scraper
Sun Mar 23 18:05:01 CET 2025 : Début de l'exécution du scraper
Sun Mar 23 18:05:01 CET 2025 : Prix récupéré = 85293
Sun Mar 23 18:05:01 CET 2025 : Fin de l'exécution du scraper
Sun Mar 23 18:10:01 CET 2025 : Début de l'exécution du scraper
Sun Mar 23 18:10:01 CET 2025 : Prix récupéré = 85371
Sun Mar 23 18:10:01 CET 2025 : Fin de l'exécution du scraper
